BEGIN TRANSACTION;
CREATE TABLE Categories (
    category INTEGER PRIMARY KEY,
    category_name TEXT
);
INSERT INTO "Categories" VALUES(1011100,'BLENDED WHISKIES');
INSERT INTO "Categories" VALUES(1011200,'STRAIGHT BOURBON WHISKIES');
INSERT INTO "Categories" VALUES(1011300,'SINGLE BARREL BOURBON WHISKIES');
INSERT INTO "Categories" VALUES(1011400,'TENNESSEE WHISKIES');
INSERT INTO "Categories" VALUES(1011500,'BOTTLED IN BOND BOURBON');
INSERT INTO "Categories" VALUES(1011600,'STRAIGHT RYE WHISKIES');
INSERT INTO "Categories" VALUES(1012100,'CANADIAN WHISKIES');
INSERT INTO "Categories" VALUES(1012200,'SCOTCH WHISKIES');
INSERT INTO "Categories" VALUES(1012300,'SINGLE MALT SCOTCH');
INSERT INTO "Categories" VALUES(1012400,'IRISH WHISKIES');
INSERT INTO "Categories" VALUES(1031100,'AMERICAN VODKAS');
INSERT INTO "Categories" VALUES(1031200,'AMERICAN FLAVORED VODKA');
INSERT INTO "Categories" VALUES(1032100,'IMPORTED VODKAS');
INSERT INTO "Categories" VALUES(1032200,'IMPORTED FLAVORED VODKA');
INSERT INTO "Categories" VALUES(1041100,'AMERICAN DRY GINS');
INSERT INTO "Categories" VALUES(1042100,'IMPORTED DRY GINS');
INSERT INTO "Categories" VALUES(1082100,'IMPORTED CORDIALS & LIQUEURS');
INSERT INTO "Categories" VALUES(1701100,'TEMPORARY & SPECIALTY PACKAGES');
CREATE TABLE Counties (
    county_number INTEGER PRIMARY KEY,
    county_name TEXT
);
INSERT INTO "Counties" VALUES(4,'APPANOOSE');
INSERT INTO "Counties" VALUES(5,'AUDUBON');
INSERT INTO "Counties" VALUES(6,'BENTON');
INSERT INTO "Counties" VALUES(7,'BLACK HAWK');
INSERT INTO "Counties" VALUES(8,'BOONE');
INSERT INTO "Counties" VALUES(9,'BREMER');
INSERT INTO "Counties" VALUES(10,'BUCHANAN');
INSERT INTO "Counties" VALUES(11,'BUENA VISTA');
INSERT INTO "Counties" VALUES(14,'CARROLL');
INSERT INTO "Counties" VALUES(15,'CASS');
INSERT INTO "Counties" VALUES(17,'CERRO GORDO');
INSERT INTO "Counties" VALUES(19,'CHICKASAW');
INSERT INTO "Counties" VALUES(20,'CLARKE');
INSERT INTO "Counties" VALUES(23,'CLINTON');
INSERT INTO "Counties" VALUES(24,'CRAWFORD');
INSERT INTO "Counties" VALUES(25,'DALLAS');
INSERT INTO "Counties" VALUES(27,'DECATUR');
INSERT INTO "Counties" VALUES(28,'DELAWARE');
INSERT INTO "Counties" VALUES(29,'DES MOINES');
INSERT INTO "Counties" VALUES(30,'DICKINSON');
INSERT INTO "Counties" VALUES(31,'DUBUQUE');
INSERT INTO "Counties" VALUES(32,'EMMET');
INSERT INTO "Counties" VALUES(33,'FAYETTE');
INSERT INTO "Counties" VALUES(36,'FREMONT');
INSERT INTO "Counties" VALUES(38,'GRUNDY');
INSERT INTO "Counties" VALUES(40,'HAMILTON');
INSERT INTO "Counties" VALUES(42,'HARDIN');
INSERT INTO "Counties" VALUES(44,'HENRY');
INSERT INTO "Counties" VALUES(45,'HOWARD');
INSERT INTO "Counties" VALUES(46,'HUMBOLDT');
INSERT INTO "Counties" VALUES(48,'IOWA');
INSERT INTO "Counties" VALUES(49,'JACKSON');
INSERT INTO "Counties" VALUES(50,'JASPER');
INSERT INTO "Counties" VALUES(51,'JEFFERSON');
INSERT INTO "Counties" VALUES(52,'JOHNSON');
INSERT INTO "Counties" VALUES(53,'JONES');
INSERT INTO "Counties" VALUES(55,'KOSSUTH');
INSERT INTO "Counties" VALUES(56,'LEE');
INSERT INTO "Counties" VALUES(57,'LINN');
INSERT INTO "Counties" VALUES(58,'LOUISA');
INSERT INTO "Counties" VALUES(59,'LUCAS');
INSERT INTO "Counties" VALUES(60,'LYON');
INSERT INTO "Counties" VALUES(62,'MAHASKA');
INSERT INTO "Counties" VALUES(63,'MARION');
INSERT INTO "Counties" VALUES(64,'MARSHALL');
INSERT INTO "Counties" VALUES(66,'MITCHELL');
INSERT INTO "Counties" VALUES(69,'MONTGOMERY');
INSERT INTO "Counties" VALUES(70,'MUSCATINE');
INSERT INTO "Counties" VALUES(71,'O''BRIEN');
INSERT INTO "Counties" VALUES(73,'PAGE');
INSERT INTO "Counties" VALUES(75,'PLYMOUTH');
INSERT INTO "Counties" VALUES(77,'POLK');
INSERT INTO "Counties" VALUES(78,'POTTAWATTAMIE');
INSERT INTO "Counties" VALUES(79,'POWESHIEK');
INSERT INTO "Counties" VALUES(82,'SCOTT');
INSERT INTO "Counties" VALUES(83,'SHELBY');
INSERT INTO "Counties" VALUES(84,'SIOUX');
INSERT INTO "Counties" VALUES(85,'STORY');
INSERT INTO "Counties" VALUES(86,'TAMA');
INSERT INTO "Counties" VALUES(88,'UNION');
INSERT INTO "Counties" VALUES(90,'WAPELLO');
INSERT INTO "Counties" VALUES(91,'WARREN');
INSERT INTO "Counties" VALUES(92,'WASHINGTON');
INSERT INTO "Counties" VALUES(94,'WEBSTER');
INSERT INTO "Counties" VALUES(95,'WINNEBAGO');
INSERT INTO "Counties" VALUES(97,'WOODBURY');
INSERT INTO "Counties" VALUES(99,'WRIGHT');
CREATE TABLE Invoices (
    invoice_and_item_number TEXT PRIMARY KEY,
    date TEXT,
    store_number INTEGER,
    FOREIGN KEY (store_number) REFERENCES Stores(store_number)
);
INSERT INTO "Invoices" VALUES('INV-49060000007','2022-07-09',4857);
INSERT INTO "Invoices" VALUES('INV-29396200023','2020-08-11',4203);
INSERT INTO "Invoices" VALUES('INV-24422600097','2020-01-08',2648);
INSERT INTO "Invoices" VALUES('INV-14931100058','2018-10-09',2665);
INSERT INTO "Invoices" VALUES('INV-39028600022','2021-08-09',4137);
INSERT INTO "Invoices" VALUES('INV-22606500019','2019-10-17',2675);
INSERT INTO "Invoices" VALUES('INV-21464900121','2019-08-26',2619);
INSERT INTO "Invoices" VALUES('INV-28890400005','2020-07-21',4884);
INSERT INTO "Invoices" VALUES('INV-46063500002','2022-03-31',2130);
INSERT INTO "Invoices" VALUES('INV-34736200034','2021-03-03',4312);
INSERT INTO "Invoices" VALUES('INV-25218500014','2020-02-13',2130);
INSERT INTO "Invoices" VALUES('INV-34763600004','2021-03-04',5102);
INSERT INTO "Invoices" VALUES('INV-36806800008','2021-05-20',2621);
INSERT INTO "Invoices" VALUES('INV-38217000009','2021-07-09',4472);
INSERT INTO "Invoices" VALUES('INV-37877300003','2021-06-28',5397);
INSERT INTO "Invoices" VALUES('INV-41741600008','2021-11-08',3871);
INSERT INTO "Invoices" VALUES('INV-31484400023','2020-10-29',2548);
INSERT INTO "Invoices" VALUES('INV-19732200091','2019-05-31',3833);
INSERT INTO "Invoices" VALUES('INV-24020900011','2019-12-18',5353);
INSERT INTO "Invoices" VALUES('INV-19707800004','2019-05-31',4091);
INSERT INTO "Invoices" VALUES('INV-24489000007','2020-01-10',4944);
INSERT INTO "Invoices" VALUES('INV-24803800103','2020-01-27',2527);
INSERT INTO "Invoices" VALUES('INV-39741900013','2021-09-01',5916);
INSERT INTO "Invoices" VALUES('INV-34468800009','2021-02-19',3833);
INSERT INTO "Invoices" VALUES('INV-18133700004','2019-03-14',2106);
INSERT INTO "Invoices" VALUES('INV-33336900008','2021-01-11',2647);
INSERT INTO "Invoices" VALUES('INV-35327600033','2021-03-25',2536);
INSERT INTO "Invoices" VALUES('INV-40262300007','2021-09-21',3997);
INSERT INTO "Invoices" VALUES('INV-30074800005','2020-09-09',4197);
INSERT INTO "Invoices" VALUES('INV-47801900002','2022-05-26',2666);
INSERT INTO "Invoices" VALUES('INV-31499100010','2020-10-29',4907);
INSERT INTO "Invoices" VALUES('INV-38362800034','2021-07-15',2594);
INSERT INTO "Invoices" VALUES('INV-17652600027','2019-02-19',3625);
INSERT INTO "Invoices" VALUES('INV-38383500018','2021-07-15',3456);
INSERT INTO "Invoices" VALUES('INV-41070000034','2021-10-18',6229);
INSERT INTO "Invoices" VALUES('INV-17995600027','2019-03-07',5530);
INSERT INTO "Invoices" VALUES('INV-13814000011','2018-08-13',2629);
INSERT INTO "Invoices" VALUES('INV-31821100006','2020-11-10',5171);
INSERT INTO "Invoices" VALUES('INV-28692200011','2020-07-14',2665);
INSERT INTO "Invoices" VALUES('INV-40056200074','2021-09-14',2603);
INSERT INTO "Invoices" VALUES('INV-39939700024','2021-09-10',3769);
INSERT INTO "Invoices" VALUES('INV-46285000016','2022-04-07',2536);
INSERT INTO "Invoices" VALUES('INV-31222000003','2020-10-21',3789);
INSERT INTO "Invoices" VALUES('INV-48949100046','2022-07-06',2550);
INSERT INTO "Invoices" VALUES('INV-33570700002','2021-01-19',3731);
INSERT INTO "Invoices" VALUES('INV-39896400020','2021-09-08',3789);
INSERT INTO "Invoices" VALUES('INV-31372800003','2020-10-26',4182);
INSERT INTO "Invoices" VALUES('INV-25741300003','2020-03-10',3742);
INSERT INTO "Invoices" VALUES('INV-31412600122','2020-10-27',2594);
INSERT INTO "Invoices" VALUES('INV-31655800003','2020-11-04',3622);
INSERT INTO "Invoices" VALUES('INV-31540800007','2020-10-30',4291);
INSERT INTO "Invoices" VALUES('INV-48657600082','2022-06-24',2506);
INSERT INTO "Invoices" VALUES('INV-43202000119','2021-12-23',2555);
INSERT INTO "Invoices" VALUES('INV-27352000016','2020-05-19',5421);
INSERT INTO "Invoices" VALUES('INV-30032300024','2020-09-08',5326);
INSERT INTO "Invoices" VALUES('INV-25838800008','2020-03-12',5859);
INSERT INTO "Invoices" VALUES('INV-23997000010','2019-12-17',5171);
INSERT INTO "Invoices" VALUES('INV-22402600010','2019-10-08',4558);
INSERT INTO "Invoices" VALUES('INV-15426200023','2018-11-01',5251);
INSERT INTO "Invoices" VALUES('INV-35883700001','2021-04-16',4937);
INSERT INTO "Invoices" VALUES('INV-47179400012','2022-05-06',4573);
INSERT INTO "Invoices" VALUES('INV-19631200002','2019-05-28',5397);
INSERT INTO "Invoices" VALUES('INV-28337000017','2020-06-29',4001);
INSERT INTO "Invoices" VALUES('INV-26354800005','2020-04-07',5378);
INSERT INTO "Invoices" VALUES('INV-14878100004','2018-10-05',4738);
INSERT INTO "Invoices" VALUES('INV-33481700033','2021-01-15',5129);
INSERT INTO "Invoices" VALUES('INV-24719000025','2020-01-21',4588);
INSERT INTO "Invoices" VALUES('INV-15030700001','2018-10-15',5393);
INSERT INTO "Invoices" VALUES('INV-47522800002','2022-05-17',4828);
INSERT INTO "Invoices" VALUES('INV-13995300015','2018-08-22',4674);
INSERT INTO "Invoices" VALUES('INV-30806900016','2020-10-06',4523);
INSERT INTO "Invoices" VALUES('INV-20161800007','2019-06-24',2568);
INSERT INTO "Invoices" VALUES('INV-18075800067','2019-03-12',2527);
INSERT INTO "Invoices" VALUES('INV-18049200019','2019-03-11',3889);
INSERT INTO "Invoices" VALUES('INV-29767500004','2020-08-26',5300);
INSERT INTO "Invoices" VALUES('INV-27480600005','2020-05-26',5726);
INSERT INTO "Invoices" VALUES('INV-39354900018','2021-08-19',3663);
INSERT INTO "Invoices" VALUES('INV-38813800005','2021-07-30',4782);
INSERT INTO "Invoices" VALUES('INV-26025700036','2020-03-20',2507);
INSERT INTO "Invoices" VALUES('INV-48373400008','2022-06-15',3390);
INSERT INTO "Invoices" VALUES('INV-19278200002','2019-05-10',5350);
INSERT INTO "Invoices" VALUES('INV-14306700001','2018-09-07',5296);
INSERT INTO "Invoices" VALUES('INV-23510000011','2019-11-26',5619);
INSERT INTO "Invoices" VALUES('INV-23956000048','2019-12-16',3618);
INSERT INTO "Invoices" VALUES('INV-34931300007','2021-03-11',4315);
INSERT INTO "Invoices" VALUES('INV-45697000023','2022-03-18',2505);
INSERT INTO "Invoices" VALUES('INV-30833000006','2020-10-07',4854);
INSERT INTO "Invoices" VALUES('INV-28250400012','2020-06-24',5513);
INSERT INTO "Invoices" VALUES('INV-46171300005','2022-04-04',6283);
INSERT INTO "Invoices" VALUES('INV-25798600030','2020-03-11',2585);
INSERT INTO "Invoices" VALUES('INV-15005400002','2018-10-11',3831);
INSERT INTO "Invoices" VALUES('INV-29135900020','2020-07-31',2518);
INSERT INTO "Invoices" VALUES('INV-35037000008','2021-03-15',5190);
INSERT INTO "Invoices" VALUES('INV-18980300017','2019-04-25',4730);
INSERT INTO "Invoices" VALUES('INV-46776900019','2022-04-22',5581);
INSERT INTO "Invoices" VALUES('INV-18116500016','2019-03-13',4558);
INSERT INTO "Invoices" VALUES('INV-31093600025','2020-10-16',5236);
INSERT INTO "Invoices" VALUES('INV-26220600005','2020-03-31',5458);
INSERT INTO "Invoices" VALUES('INV-48691800022','2022-06-27',2573);
INSERT INTO "Invoices" VALUES('INV-16308200087','2018-12-13',2593);
INSERT INTO "Invoices" VALUES('INV-27933900114','2020-06-12',2635);
INSERT INTO "Invoices" VALUES('INV-25755700002','2020-03-10',2575);
INSERT INTO "Invoices" VALUES('INV-45259800013','2022-03-03',3877);
INSERT INTO "Invoices" VALUES('INV-15468400013','2018-11-05',2673);
INSERT INTO "Invoices" VALUES('INV-29624000057','2020-08-20',5251);
INSERT INTO "Invoices" VALUES('INV-41974000258','2021-11-15',6242);
INSERT INTO "Invoices" VALUES('INV-43673900001','2022-01-11',2190);
INSERT INTO "Invoices" VALUES('INV-34062800045','2021-02-05',3944);
INSERT INTO "Invoices" VALUES('INV-28234000010','2020-06-24',3420);
INSERT INTO "Invoices" VALUES('INV-42549200024','2021-12-03',4829);
INSERT INTO "Invoices" VALUES('INV-32992000128','2020-12-24',2603);
INSERT INTO "Invoices" VALUES('INV-28206000001','2020-06-23',3663);
INSERT INTO "Invoices" VALUES('INV-33570100022','2021-01-19',2666);
INSERT INTO "Invoices" VALUES('INV-29111400029','2020-07-30',3385);
INSERT INTO "Invoices" VALUES('INV-36404500072','2021-05-06',2626);
INSERT INTO "Invoices" VALUES('INV-14851300029','2018-10-04',2633);
INSERT INTO "Invoices" VALUES('INV-27538200054','2020-05-28',3420);
INSERT INTO "Invoices" VALUES('INV-35006500075','2021-03-15',4829);
INSERT INTO "Invoices" VALUES('INV-15651600006','2018-11-12',3790);
INSERT INTO "Invoices" VALUES('INV-34497300134','2021-02-22',2512);
INSERT INTO "Invoices" VALUES('INV-30226000034','2020-09-15',2666);
INSERT INTO "Invoices" VALUES('INV-37698600076','2021-06-22',2665);
INSERT INTO "Invoices" VALUES('INV-28565500015','2020-07-08',3773);
INSERT INTO "Invoices" VALUES('INV-39918600020','2021-09-09',4161);
INSERT INTO "Invoices" VALUES('INV-27543600087','2020-05-28',3443);
INSERT INTO "Invoices" VALUES('INV-46617100120','2022-04-19',2603);
INSERT INTO "Invoices" VALUES('INV-25094600019','2020-02-07',5077);
INSERT INTO "Invoices" VALUES('INV-22088200083','2019-09-24',2665);
INSERT INTO "Invoices" VALUES('INV-22387800016','2019-10-08',2650);
INSERT INTO "Invoices" VALUES('INV-16624200010','2018-12-28',2595);
INSERT INTO "Invoices" VALUES('INV-34873200088','2021-03-09',2651);
INSERT INTO "Invoices" VALUES('INV-37500500041','2021-06-15',2666);
INSERT INTO "Invoices" VALUES('INV-19934200021','2019-06-11',4200);
INSERT INTO "Invoices" VALUES('INV-38444900083','2021-07-19',2614);
INSERT INTO "Invoices" VALUES('INV-33653800015','2021-01-21',2106);
INSERT INTO "Invoices" VALUES('INV-27908000019','2020-06-11',4129);
INSERT INTO "Invoices" VALUES('INV-32871200015','2020-12-21',2618);
INSERT INTO "Invoices" VALUES('INV-24544100021','2020-01-14',2651);
INSERT INTO "Invoices" VALUES('INV-34022400087','2021-02-03',2517);
INSERT INTO "Invoices" VALUES('INV-49233800023','2022-07-15',4829);
INSERT INTO "Invoices" VALUES('INV-37111700127','2021-06-02',2544);
INSERT INTO "Invoices" VALUES('INV-19711900018','2019-05-31',4997);
INSERT INTO "Invoices" VALUES('INV-36142800007','2021-04-27',4944);
INSERT INTO "Invoices" VALUES('INV-21587400015','2019-08-29',2130);
INSERT INTO "Invoices" VALUES('INV-24945400016','2020-01-31',4876);
INSERT INTO "Invoices" VALUES('INV-20870100058','2019-07-26',4180);
INSERT INTO "Invoices" VALUES('INV-38240500009','2021-07-12',2509);
INSERT INTO "Invoices" VALUES('INV-43754900017','2022-01-13',2130);
INSERT INTO "Invoices" VALUES('INV-18773600030','2019-04-15',5482);
INSERT INTO "Invoices" VALUES('INV-19453700012','2019-05-20',2568);
INSERT INTO "Invoices" VALUES('INV-17818500150','2019-02-27',2614);
INSERT INTO "Invoices" VALUES('INV-25065700013','2020-02-06',4795);
INSERT INTO "Invoices" VALUES('INV-27406100007','2020-05-21',4795);
INSERT INTO "Invoices" VALUES('INV-44181200006','2022-01-27',4660);
INSERT INTO "Invoices" VALUES('INV-31113400012','2020-10-16',4720);
INSERT INTO "Invoices" VALUES('INV-37852500001','2021-06-28',5462);
INSERT INTO "Invoices" VALUES('INV-29640500093','2020-08-21',2558);
INSERT INTO "Invoices" VALUES('INV-34600800011','2021-02-25',3757);
INSERT INTO "Invoices" VALUES('INV-40121000019','2021-09-15',4236);
INSERT INTO "Invoices" VALUES('INV-15180200008','2018-10-22',2575);
INSERT INTO "Invoices" VALUES('INV-40944700012','2021-10-13',2191);
INSERT INTO "Invoices" VALUES('INV-20976100041','2019-08-01',3385);
INSERT INTO "Invoices" VALUES('INV-25022500055','2020-02-04',2623);
INSERT INTO "Invoices" VALUES('INV-29165300047','2020-08-03',4829);
INSERT INTO "Invoices" VALUES('INV-25590700050','2020-03-03',3494);
INSERT INTO "Invoices" VALUES('INV-31017500102','2020-10-14',2642);
INSERT INTO "Invoices" VALUES('INV-14689700001','2018-09-26',9002);
INSERT INTO "Invoices" VALUES('INV-47136400013','2022-05-05',2666);
INSERT INTO "Invoices" VALUES('INV-30877100007','2020-10-09',4829);
INSERT INTO "Invoices" VALUES('INV-38130700007','2021-07-07',4312);
INSERT INTO "Invoices" VALUES('INV-26860700047','2020-04-27',2573);
INSERT INTO "Invoices" VALUES('INV-35501300001','2021-04-01',4971);
INSERT INTO "Invoices" VALUES('INV-25325300002','2020-02-19',5230);
INSERT INTO "Invoices" VALUES('INV-31067400088','2020-10-16',2505);
INSERT INTO "Invoices" VALUES('INV-29556000137','2020-08-18',2651);
INSERT INTO "Invoices" VALUES('INV-35234100010','2021-03-23',2663);
INSERT INTO "Invoices" VALUES('INV-15135300028','2018-10-18',4829);
INSERT INTO "Invoices" VALUES('INV-41451100015','2021-10-28',2587);
INSERT INTO "Invoices" VALUES('INV-39761000081','2021-09-02',2665);
INSERT INTO "Invoices" VALUES('INV-27027100072','2020-05-05',2651);
INSERT INTO "Invoices" VALUES('INV-43739100001','2022-01-12',4312);
INSERT INTO "Invoices" VALUES('INV-23795800009','2019-12-10',3889);
INSERT INTO "Invoices" VALUES('INV-30854500032','2020-10-08',3670);
INSERT INTO "Invoices" VALUES('INV-16364300024','2018-12-17',3805);
INSERT INTO "Invoices" VALUES('INV-47185500016','2022-05-06',5327);
INSERT INTO "Invoices" VALUES('INV-16816400007','2019-01-08',5691);
INSERT INTO "Invoices" VALUES('INV-17358600026','2019-02-05',5415);
INSERT INTO "Invoices" VALUES('INV-34889000020','2021-03-09',5415);
INSERT INTO "Invoices" VALUES('INV-34695900025','2021-03-02',5431);
INSERT INTO "Invoices" VALUES('INV-17665700125','2019-02-20',2512);
INSERT INTO "Invoices" VALUES('INV-31833000001','2020-11-10',5934);
INSERT INTO "Invoices" VALUES('INV-20151400014','2019-06-21',5740);
INSERT INTO "Invoices" VALUES('INV-26574500065','2020-04-15',3899);
INSERT INTO "Invoices" VALUES('INV-47324700004','2022-05-11',2512);
INSERT INTO "Invoices" VALUES('INV-14962200003','2018-10-10',2536);
INSERT INTO "Invoices" VALUES('INV-49076200094','2022-07-11',2648);
INSERT INTO "Invoices" VALUES('INV-36099500061','2021-04-26',4829);
INSERT INTO "Invoices" VALUES('INV-19993100072','2019-06-14',3354);
INSERT INTO "Invoices" VALUES('INV-15231300026','2018-10-23',2572);
INSERT INTO "Invoices" VALUES('INV-35310300027','2021-03-25',2130);
INSERT INTO "Invoices" VALUES('INV-36216900061','2021-04-29',4988);
INSERT INTO "Invoices" VALUES('INV-18272200055','2019-03-21',3420);
INSERT INTO "Invoices" VALUES('INV-42987400019','2021-12-16',5102);
INSERT INTO "Invoices" VALUES('INV-29485000046','2020-08-14',3944);
INSERT INTO "Invoices" VALUES('INV-19968500019','2019-06-13',2663);
INSERT INTO "Invoices" VALUES('INV-37450700091','2021-06-14',4829);
INSERT INTO "Invoices" VALUES('INV-28771400048','2020-07-16',2106);
INSERT INTO "Invoices" VALUES('INV-47374800146','2022-05-12',4988);
INSERT INTO "Invoices" VALUES('INV-13872300019','2018-08-15',3773);
INSERT INTO "Invoices" VALUES('INV-27098300020','2020-05-08',5722);
INSERT INTO "Invoices" VALUES('INV-28590200071','2020-07-09',2665);
INSERT INTO "Invoices" VALUES('INV-42745700003','2021-12-09',2515);
INSERT INTO "Invoices" VALUES('INV-13613400005','2018-08-02',5251);
INSERT INTO "Invoices" VALUES('INV-16461500007','2018-12-20',4829);
INSERT INTO "Invoices" VALUES('INV-21413900110','2019-08-22',4829);
INSERT INTO "Invoices" VALUES('INV-40313800002','2021-09-22',2647);
INSERT INTO "Invoices" VALUES('INV-19744200043','2019-06-03',4829);
INSERT INTO "Invoices" VALUES('INV-27958000002','2020-06-12',5624);
INSERT INTO "Invoices" VALUES('INV-48893000092','2022-07-05',2552);
INSERT INTO "Invoices" VALUES('INV-31680900013','2020-11-04',5849);
INSERT INTO "Invoices" VALUES('INV-46914500010','2022-04-27',6027);
INSERT INTO "Invoices" VALUES('INV-20383300045','2019-07-03',2673);
INSERT INTO "Invoices" VALUES('INV-22404900006','2019-10-08',2572);
INSERT INTO "Invoices" VALUES('INV-44762300004','2022-02-15',5926);
INSERT INTO "Invoices" VALUES('INV-27359100002','2020-05-19',5619);
INSERT INTO "Invoices" VALUES('INV-19370800061','2019-05-15',2501);
INSERT INTO "Invoices" VALUES('INV-14107200002','2018-08-28',5028);
INSERT INTO "Invoices" VALUES('INV-26796400022','2020-04-24',5660);
INSERT INTO "Invoices" VALUES('INV-19822700011','2019-06-05',4503);
INSERT INTO "Invoices" VALUES('INV-23410800036','2019-11-23',2507);
INSERT INTO "Invoices" VALUES('INV-32253500001','2020-11-27',4929);
INSERT INTO "Invoices" VALUES('INV-42783300009','2021-12-10',2507);
INSERT INTO "Invoices" VALUES('INV-19038800008','2019-04-29',5226);
INSERT INTO "Invoices" VALUES('INV-36462000027','2021-05-07',3592);
INSERT INTO "Invoices" VALUES('INV-22456400001','2019-10-11',4664);
INSERT INTO "Invoices" VALUES('INV-19222000020','2019-05-07',4588);
INSERT INTO "Invoices" VALUES('INV-18474600013','2019-04-01',2507);
INSERT INTO "Invoices" VALUES('INV-27020000001','2020-05-05',3942);
INSERT INTO "Invoices" VALUES('INV-19586800007','2019-05-24',4937);
INSERT INTO "Invoices" VALUES('INV-20113000005','2019-06-20',2587);
INSERT INTO "Invoices" VALUES('INV-26377800006','2020-04-07',4500);
INSERT INTO "Invoices" VALUES('INV-18146900005','2019-03-14',4338);
INSERT INTO "Invoices" VALUES('INV-34665500011','2021-03-01',5176);
INSERT INTO "Invoices" VALUES('INV-31405800007','2020-10-27',4657);
INSERT INTO "Invoices" VALUES('INV-18197400003','2019-03-18',5040);
INSERT INTO "Invoices" VALUES('INV-18241500041','2019-03-20',2606);
INSERT INTO "Invoices" VALUES('INV-32376200001','2020-12-02',3990);
INSERT INTO "Invoices" VALUES('INV-17617800019','2019-02-18',2601);
INSERT INTO "Invoices" VALUES('INV-23917300003','2019-12-13',5737);
INSERT INTO "Invoices" VALUES('INV-31227400010','2020-10-21',5075);
INSERT INTO "Invoices" VALUES('INV-29384600010','2020-08-11',5446);
INSERT INTO "Invoices" VALUES('INV-17363400002','2019-02-05',4777);
INSERT INTO "Invoices" VALUES('INV-14527200013','2018-09-19',4774);
INSERT INTO "Invoices" VALUES('INV-22139900035','2019-09-25',5633);
INSERT INTO "Invoices" VALUES('INV-41999200005','2021-11-15',5597);
INSERT INTO "Invoices" VALUES('INV-29857300001','2020-08-31',3952);
INSERT INTO "Invoices" VALUES('INV-47125500011','2022-05-05',4453);
INSERT INTO "Invoices" VALUES('INV-31888700002','2020-11-12',5428);
INSERT INTO "Invoices" VALUES('INV-20235600082','2019-06-26',2512);
INSERT INTO "Invoices" VALUES('INV-26312500002','2020-04-03',4817);
INSERT INTO "Invoices" VALUES('INV-22997000004','2019-11-04',5339);
INSERT INTO "Invoices" VALUES('INV-31185200008','2020-10-20',5988);
INSERT INTO "Invoices" VALUES('INV-25677300001','2020-03-06',4823);
INSERT INTO "Invoices" VALUES('INV-17945500004','2019-03-06',4817);
INSERT INTO "Invoices" VALUES('INV-27555300035','2020-05-28',5870);
INSERT INTO "Invoices" VALUES('INV-20913100027','2019-07-29',4566);
INSERT INTO "Invoices" VALUES('INV-23995000020','2019-12-17',4588);
INSERT INTO "Invoices" VALUES('INV-46483600023','2022-04-14',4517);
INSERT INTO "Invoices" VALUES('INV-22040400019','2019-09-20',4605);
INSERT INTO "Invoices" VALUES('INV-23768600002','2019-12-09',5646);
INSERT INTO "Invoices" VALUES('INV-37220800003','2021-06-05',5572);
INSERT INTO "Invoices" VALUES('INV-48410500005','2022-06-16',5539);
INSERT INTO "Invoices" VALUES('INV-35826900002','2021-04-15',5783);
INSERT INTO "Invoices" VALUES('INV-29296100001','2020-08-07',5935);
INSERT INTO "Invoices" VALUES('INV-23654100012','2019-12-03',4558);
INSERT INTO "Invoices" VALUES('INV-27720500019','2020-06-04',4077);
INSERT INTO "Invoices" VALUES('INV-38794400036','2021-07-30',5126);
INSERT INTO "Invoices" VALUES('INV-22734600019','2019-10-22',4819);
INSERT INTO "Invoices" VALUES('INV-37042500001','2021-05-28',5513);
INSERT INTO "Invoices" VALUES('INV-32793400073','2020-12-16',2647);
INSERT INTO "Invoices" VALUES('INV-31641200006','2020-11-03',4910);
INSERT INTO "Invoices" VALUES('INV-26438900011','2020-04-10',2696);
INSERT INTO "Invoices" VALUES('INV-19941500012','2019-06-11',5096);
INSERT INTO "Invoices" VALUES('INV-29980400012','2020-09-04',5716);
INSERT INTO "Invoices" VALUES('INV-47508600032','2022-05-17',4728);
INSERT INTO "Invoices" VALUES('INV-40648400016','2021-10-04',4715);
INSERT INTO "Invoices" VALUES('INV-21165800063','2019-08-12',2614);
INSERT INTO "Invoices" VALUES('INV-31019600006','2020-10-14',4501);
INSERT INTO "Invoices" VALUES('INV-29751300015','2020-08-26',4767);
INSERT INTO "Invoices" VALUES('INV-41315600003','2021-10-25',4982);
INSERT INTO "Invoices" VALUES('INV-20726300073','2019-07-19',4180);
INSERT INTO "Invoices" VALUES('INV-18316800002','2019-03-25',4736);
INSERT INTO "Invoices" VALUES('INV-31092700012','2020-10-16',4736);
INSERT INTO "Invoices" VALUES('INV-40587500037','2021-09-30',5126);
INSERT INTO "Invoices" VALUES('INV-46450500009','2022-04-13',4591);
INSERT INTO "Invoices" VALUES('INV-39572700002','2021-08-26',4491);
INSERT INTO "Invoices" VALUES('INV-18800300018','2019-04-16',4604);
INSERT INTO "Invoices" VALUES('INV-17579700034','2019-02-15',4369);
INSERT INTO "Invoices" VALUES('INV-29313400010','2020-08-07',5583);
INSERT INTO "Invoices" VALUES('INV-48407800022','2022-06-16',6116);
INSERT INTO "Invoices" VALUES('INV-27665900005','2020-06-02',5780);
INSERT INTO "Invoices" VALUES('INV-15760100004','2018-11-16',4938);
INSERT INTO "Invoices" VALUES('INV-37600400009','2021-06-17',5280);
INSERT INTO "Invoices" VALUES('INV-24163000002','2019-12-26',5302);
INSERT INTO "Invoices" VALUES('INV-35481200090','2021-03-31',2521);
INSERT INTO "Invoices" VALUES('INV-35994800017','2021-04-21',2521);
INSERT INTO "Invoices" VALUES('INV-29408900009','2020-08-11',4604);
INSERT INTO "Invoices" VALUES('INV-23828400051','2019-12-11',2521);
INSERT INTO "Invoices" VALUES('INV-45713700030','2022-03-18',5041);
INSERT INTO "Invoices" VALUES('INV-24252800018','2019-12-30',2568);
INSERT INTO "Invoices" VALUES('INV-32879600037','2020-12-21',4228);
INSERT INTO "Invoices" VALUES('INV-16500100045','2018-12-21',2553);
INSERT INTO "Invoices" VALUES('INV-19773700011','2019-06-04',4131);
INSERT INTO "Invoices" VALUES('INV-21235700004','2019-08-14',5301);
INSERT INTO "Invoices" VALUES('INV-29727700018','2020-08-25',5389);
INSERT INTO "Invoices" VALUES('INV-17420300004','2019-02-07',4373);
INSERT INTO "Invoices" VALUES('INV-18116300029','2019-03-13',4588);
INSERT INTO "Invoices" VALUES('INV-44535900029','2022-02-08',5186);
INSERT INTO "Invoices" VALUES('INV-26099300019','2020-03-24',4157);
INSERT INTO "Invoices" VALUES('INV-25773900019','2020-03-10',5605);
INSERT INTO "Invoices" VALUES('INV-15549700016','2018-11-07',4805);
INSERT INTO "Invoices" VALUES('INV-18685700024','2019-04-10',3592);
INSERT INTO "Invoices" VALUES('INV-19148500031','2019-05-03',3592);
INSERT INTO "Invoices" VALUES('INV-22215800010','2019-09-30',4968);
INSERT INTO "Invoices" VALUES('INV-14277600002','2018-09-06',4405);
INSERT INTO "Invoices" VALUES('INV-14484200130','2018-09-17',2613);
INSERT INTO "Invoices" VALUES('INV-19725100049','2019-05-31',3830);
INSERT INTO "Invoices" VALUES('INV-36949800014','2021-05-25',3888);
INSERT INTO "Invoices" VALUES('INV-28537100020','2020-07-07',3888);
INSERT INTO "Invoices" VALUES('INV-27267300070','2020-05-15',3562);
INSERT INTO "Invoices" VALUES('INV-28728600020','2020-07-15',3789);
INSERT INTO "Invoices" VALUES('INV-23000600036','2019-11-04',4001);
INSERT INTO "Invoices" VALUES('INV-24956000021','2020-01-31',4027);
INSERT INTO "Invoices" VALUES('INV-17958200036','2019-03-06',4004);
INSERT INTO "Invoices" VALUES('INV-26091200035','2020-03-24',3859);
INSERT INTO "Invoices" VALUES('INV-23851300043','2019-12-11',3811);
INSERT INTO "Invoices" VALUES('INV-43188900020','2021-12-22',3949);
INSERT INTO "Invoices" VALUES('INV-23390500005','2019-11-21',2536);
INSERT INTO "Invoices" VALUES('INV-29538600043','2020-08-18',2663);
INSERT INTO "Invoices" VALUES('INV-31883100002','2020-11-12',2548);
INSERT INTO "Invoices" VALUES('INV-48829000021','2022-06-30',4382);
INSERT INTO "Invoices" VALUES('INV-43775000099','2022-01-13',2548);
INSERT INTO "Invoices" VALUES('INV-25213500019','2020-02-13',2626);
INSERT INTO "Invoices" VALUES('INV-38493300104','2021-07-20',2665);
INSERT INTO "Invoices" VALUES('INV-34011300050','2021-02-03',2611);
INSERT INTO "Invoices" VALUES('INV-36807300061','2021-05-20',2626);
INSERT INTO "Invoices" VALUES('INV-48678000024','2022-06-24',5964);
INSERT INTO "Invoices" VALUES('INV-15986000068','2018-11-29',2521);
INSERT INTO "Invoices" VALUES('INV-31830100003','2020-11-10',4588);
INSERT INTO "Invoices" VALUES('INV-33208600014','2021-01-05',5444);
INSERT INTO "Invoices" VALUES('INV-16530400019','2018-12-21',5198);
CREATE TABLE ItemPrices (
    item_number INTEGER PRIMARY KEY,
    state_bottle_cost REAL,
    state_bottle_retail REAL,
    FOREIGN KEY (item_number) REFERENCES Items(item_number)
);
INSERT INTO "ItemPrices" VALUES(643,11.07,16.61);
INSERT INTO "ItemPrices" VALUES(5036,24.48,36.72);
INSERT INTO "ItemPrices" VALUES(5153,19.98,29.97);
INSERT INTO "ItemPrices" VALUES(5346,13.5,20.25);
INSERT INTO "ItemPrices" VALUES(5486,34.99,52.49);
INSERT INTO "ItemPrices" VALUES(10550,6.75,10.13);
INSERT INTO "ItemPrices" VALUES(10791,16.59,24.89);
INSERT INTO "ItemPrices" VALUES(10803,7.35,11.03);
INSERT INTO "ItemPrices" VALUES(10805,8.0,12.0);
INSERT INTO "ItemPrices" VALUES(10807,15.59,23.39);
INSERT INTO "ItemPrices" VALUES(11294,8.0,12.0);
INSERT INTO "ItemPrices" VALUES(11296,15.59,23.39);
INSERT INTO "ItemPrices" VALUES(11774,3.07,4.61);
INSERT INTO "ItemPrices" VALUES(11776,5.23,7.85);
INSERT INTO "ItemPrices" VALUES(11786,5.23,7.85);
INSERT INTO "ItemPrices" VALUES(12404,2.05,3.08);
INSERT INTO "ItemPrices" VALUES(12863,5.0,7.5);
INSERT INTO "ItemPrices" VALUES(14490,8.34,12.51);
INSERT INTO "ItemPrices" VALUES(14536,9.02,13.53);
INSERT INTO "ItemPrices" VALUES(15626,15.99,23.99);
INSERT INTO "ItemPrices" VALUES(15644,7.1,10.65);
INSERT INTO "ItemPrices" VALUES(15658,16.49,24.74);
INSERT INTO "ItemPrices" VALUES(15818,10.0,15.0);
INSERT INTO "ItemPrices" VALUES(15830,14.0,21.0);
INSERT INTO "ItemPrices" VALUES(16676,21.0,31.5);
INSERT INTO "ItemPrices" VALUES(17086,16.5,24.75);
INSERT INTO "ItemPrices" VALUES(17206,18.1,27.15);
INSERT INTO "ItemPrices" VALUES(17916,15.0,22.5);
INSERT INTO "ItemPrices" VALUES(17956,7.74,11.61);
INSERT INTO "ItemPrices" VALUES(18096,10.99,16.49);
INSERT INTO "ItemPrices" VALUES(18348,16.17,24.26);
INSERT INTO "ItemPrices" VALUES(18350,21.17,31.76);
INSERT INTO "ItemPrices" VALUES(19066,11.0,16.5);
INSERT INTO "ItemPrices" VALUES(19096,10.5,15.75);
INSERT INTO "ItemPrices" VALUES(19476,17.5,26.25);
INSERT INTO "ItemPrices" VALUES(20536,4.25,6.38);
INSERT INTO "ItemPrices" VALUES(20920,11.0,16.5);
INSERT INTO "ItemPrices" VALUES(21215,10.0,15.0);
INSERT INTO "ItemPrices" VALUES(22156,14.0,21.0);
INSERT INTO "ItemPrices" VALUES(22215,23.0,34.5);
INSERT INTO "ItemPrices" VALUES(22784,2.09,3.14);
INSERT INTO "ItemPrices" VALUES(23626,3.5,5.25);
INSERT INTO "ItemPrices" VALUES(23824,2.09,3.14);
INSERT INTO "ItemPrices" VALUES(23826,3.5,5.25);
INSERT INTO "ItemPrices" VALUES(24156,3.5,5.25);
INSERT INTO "ItemPrices" VALUES(24706,4.09,6.14);
INSERT INTO "ItemPrices" VALUES(25604,3.5,5.25);
INSERT INTO "ItemPrices" VALUES(26656,13.5,20.25);
INSERT INTO "ItemPrices" VALUES(26820,7.5,11.25);
INSERT INTO "ItemPrices" VALUES(26826,15.57,23.36);
INSERT INTO "ItemPrices" VALUES(27025,16.5,24.75);
INSERT INTO "ItemPrices" VALUES(27056,13.5,20.25);
INSERT INTO "ItemPrices" VALUES(27066,11.54,17.31);
INSERT INTO "ItemPrices" VALUES(27125,22.75,34.13);
INSERT INTO "ItemPrices" VALUES(27629,9.09,13.64);
INSERT INTO "ItemPrices" VALUES(27677,25.0,37.5);
INSERT INTO "ItemPrices" VALUES(27697,11.5,17.25);
INSERT INTO "ItemPrices" VALUES(27783,10.5,15.75);
INSERT INTO "ItemPrices" VALUES(27832,19.95,29.93);
INSERT INTO "ItemPrices" VALUES(28236,13.5,20.25);
INSERT INTO "ItemPrices" VALUES(28279,10.5,15.75);
INSERT INTO "ItemPrices" VALUES(28350,11.5,17.25);
INSERT INTO "ItemPrices" VALUES(28627,21.17,31.76);
INSERT INTO "ItemPrices" VALUES(28778,16.5,24.75);
INSERT INTO "ItemPrices" VALUES(28858,13.5,20.25);
INSERT INTO "ItemPrices" VALUES(28866,13.5,20.25);
INSERT INTO "ItemPrices" VALUES(29710,3.21,4.82);
INSERT INTO "ItemPrices" VALUES(32231,3.3,4.95);
INSERT INTO "ItemPrices" VALUES(32234,3.39,5.09);
INSERT INTO "ItemPrices" VALUES(32235,6.99,10.49);
INSERT INTO "ItemPrices" VALUES(33466,5.88,8.82);
INSERT INTO "ItemPrices" VALUES(33658,8.75,13.13);
INSERT INTO "ItemPrices" VALUES(34006,9.99,14.99);
INSERT INTO "ItemPrices" VALUES(34036,9.99,14.99);
INSERT INTO "ItemPrices" VALUES(34162,20.62,30.93);
INSERT INTO "ItemPrices" VALUES(34188,12.5,18.75);
INSERT INTO "ItemPrices" VALUES(34422,22.75,34.13);
INSERT INTO "ItemPrices" VALUES(34449,12.5,18.75);
INSERT INTO "ItemPrices" VALUES(34546,7.0,10.5);
INSERT INTO "ItemPrices" VALUES(34702,7.0,10.5);
INSERT INTO "ItemPrices" VALUES(34786,9.99,14.99);
INSERT INTO "ItemPrices" VALUES(34820,8.25,12.38);
INSERT INTO "ItemPrices" VALUES(34856,7.0,10.5);
INSERT INTO "ItemPrices" VALUES(34870,9.99,14.99);
INSERT INTO "ItemPrices" VALUES(35109,9.43,14.15);
INSERT INTO "ItemPrices" VALUES(35315,3.37,5.06);
INSERT INTO "ItemPrices" VALUES(35316,3.37,5.06);
INSERT INTO "ItemPrices" VALUES(35354,9.99,14.99);
INSERT INTO "ItemPrices" VALUES(35416,4.5,6.75);
INSERT INTO "ItemPrices" VALUES(35914,1.93,2.9);
INSERT INTO "ItemPrices" VALUES(35916,3.37,5.06);
INSERT INTO "ItemPrices" VALUES(35926,3.37,5.06);
INSERT INTO "ItemPrices" VALUES(35944,1.74,2.61);
INSERT INTO "ItemPrices" VALUES(36122,8.5,12.75);
INSERT INTO "ItemPrices" VALUES(36304,1.86,2.79);
INSERT INTO "ItemPrices" VALUES(36305,3.34,5.01);
INSERT INTO "ItemPrices" VALUES(36306,3.34,5.01);
INSERT INTO "ItemPrices" VALUES(36468,12.5,18.75);
INSERT INTO "ItemPrices" VALUES(36648,3.31,4.97);
INSERT INTO "ItemPrices" VALUES(36769,9.99,14.99);
INSERT INTO "ItemPrices" VALUES(36873,3.3,4.95);
INSERT INTO "ItemPrices" VALUES(36878,7.93,11.9);
INSERT INTO "ItemPrices" VALUES(36886,3.31,4.97);
INSERT INTO "ItemPrices" VALUES(65259,5.63,8.45);
CREATE TABLE ItemVolumes (
    item_number INTEGER PRIMARY KEY,
    bottle_volume_ml INTEGER,
    FOREIGN KEY (item_number) REFERENCES Items(item_number)
);
INSERT INTO "ItemVolumes" VALUES(643,750);
INSERT INTO "ItemVolumes" VALUES(5036,750);
INSERT INTO "ItemVolumes" VALUES(5153,750);
INSERT INTO "ItemVolumes" VALUES(5346,750);
INSERT INTO "ItemVolumes" VALUES(5486,750);
INSERT INTO "ItemVolumes" VALUES(10550,750);
INSERT INTO "ItemVolumes" VALUES(10791,750);
INSERT INTO "ItemVolumes" VALUES(10803,300);
INSERT INTO "ItemVolumes" VALUES(10805,375);
INSERT INTO "ItemVolumes" VALUES(10807,750);
INSERT INTO "ItemVolumes" VALUES(11294,375);
INSERT INTO "ItemVolumes" VALUES(11296,750);
INSERT INTO "ItemVolumes" VALUES(11774,375);
INSERT INTO "ItemVolumes" VALUES(11776,750);
INSERT INTO "ItemVolumes" VALUES(11786,750);
INSERT INTO "ItemVolumes" VALUES(12404,375);
INSERT INTO "ItemVolumes" VALUES(12863,750);
INSERT INTO "ItemVolumes" VALUES(14490,750);
INSERT INTO "ItemVolumes" VALUES(14536,750);
INSERT INTO "ItemVolumes" VALUES(15626,750);
INSERT INTO "ItemVolumes" VALUES(15644,375);
INSERT INTO "ItemVolumes" VALUES(15658,750);
INSERT INTO "ItemVolumes" VALUES(15818,750);
INSERT INTO "ItemVolumes" VALUES(15830,750);
INSERT INTO "ItemVolumes" VALUES(16676,750);
INSERT INTO "ItemVolumes" VALUES(17086,750);
INSERT INTO "ItemVolumes" VALUES(17206,750);
INSERT INTO "ItemVolumes" VALUES(17916,750);
INSERT INTO "ItemVolumes" VALUES(17956,750);
INSERT INTO "ItemVolumes" VALUES(18096,750);
INSERT INTO "ItemVolumes" VALUES(18348,750);
INSERT INTO "ItemVolumes" VALUES(18350,750);
INSERT INTO "ItemVolumes" VALUES(19066,750);
INSERT INTO "ItemVolumes" VALUES(19096,750);
INSERT INTO "ItemVolumes" VALUES(19476,750);
INSERT INTO "ItemVolumes" VALUES(20536,750);
INSERT INTO "ItemVolumes" VALUES(20920,750);
INSERT INTO "ItemVolumes" VALUES(21215,750);
INSERT INTO "ItemVolumes" VALUES(22156,750);
INSERT INTO "ItemVolumes" VALUES(22215,750);
INSERT INTO "ItemVolumes" VALUES(22784,375);
INSERT INTO "ItemVolumes" VALUES(23626,750);
INSERT INTO "ItemVolumes" VALUES(23824,375);
INSERT INTO "ItemVolumes" VALUES(23826,750);
INSERT INTO "ItemVolumes" VALUES(24156,750);
INSERT INTO "ItemVolumes" VALUES(24706,750);
INSERT INTO "ItemVolumes" VALUES(25604,375);
INSERT INTO "ItemVolumes" VALUES(26656,750);
INSERT INTO "ItemVolumes" VALUES(26820,375);
INSERT INTO "ItemVolumes" VALUES(26826,750);
INSERT INTO "ItemVolumes" VALUES(27025,750);
INSERT INTO "ItemVolumes" VALUES(27056,750);
INSERT INTO "ItemVolumes" VALUES(27066,750);
INSERT INTO "ItemVolumes" VALUES(27125,750);
INSERT INTO "ItemVolumes" VALUES(27629,750);
INSERT INTO "ItemVolumes" VALUES(27677,750);
INSERT INTO "ItemVolumes" VALUES(27697,750);
INSERT INTO "ItemVolumes" VALUES(27783,750);
INSERT INTO "ItemVolumes" VALUES(27832,750);
INSERT INTO "ItemVolumes" VALUES(28236,750);
INSERT INTO "ItemVolumes" VALUES(28279,750);
INSERT INTO "ItemVolumes" VALUES(28350,750);
INSERT INTO "ItemVolumes" VALUES(28627,1000);
INSERT INTO "ItemVolumes" VALUES(28778,750);
INSERT INTO "ItemVolumes" VALUES(28858,750);
INSERT INTO "ItemVolumes" VALUES(28866,750);
INSERT INTO "ItemVolumes" VALUES(29710,750);
INSERT INTO "ItemVolumes" VALUES(32231,500);
INSERT INTO "ItemVolumes" VALUES(32234,375);
INSERT INTO "ItemVolumes" VALUES(32235,750);
INSERT INTO "ItemVolumes" VALUES(33466,600);
INSERT INTO "ItemVolumes" VALUES(33658,750);
INSERT INTO "ItemVolumes" VALUES(34006,750);
INSERT INTO "ItemVolumes" VALUES(34036,750);
INSERT INTO "ItemVolumes" VALUES(34162,1000);
INSERT INTO "ItemVolumes" VALUES(34188,750);
INSERT INTO "ItemVolumes" VALUES(34422,1000);
INSERT INTO "ItemVolumes" VALUES(34449,750);
INSERT INTO "ItemVolumes" VALUES(34546,750);
INSERT INTO "ItemVolumes" VALUES(34702,750);
INSERT INTO "ItemVolumes" VALUES(34786,750);
INSERT INTO "ItemVolumes" VALUES(34820,750);
INSERT INTO "ItemVolumes" VALUES(34856,750);
INSERT INTO "ItemVolumes" VALUES(34870,750);
INSERT INTO "ItemVolumes" VALUES(35109,750);
INSERT INTO "ItemVolumes" VALUES(35315,750);
INSERT INTO "ItemVolumes" VALUES(35316,750);
INSERT INTO "ItemVolumes" VALUES(35354,750);
INSERT INTO "ItemVolumes" VALUES(35416,750);
INSERT INTO "ItemVolumes" VALUES(35914,375);
INSERT INTO "ItemVolumes" VALUES(35916,750);
INSERT INTO "ItemVolumes" VALUES(35926,750);
INSERT INTO "ItemVolumes" VALUES(35944,375);
INSERT INTO "ItemVolumes" VALUES(36122,750);
INSERT INTO "ItemVolumes" VALUES(36304,375);
INSERT INTO "ItemVolumes" VALUES(36305,750);
INSERT INTO "ItemVolumes" VALUES(36306,750);
INSERT INTO "ItemVolumes" VALUES(36468,750);
INSERT INTO "ItemVolumes" VALUES(36648,750);
INSERT INTO "ItemVolumes" VALUES(36769,750);
INSERT INTO "ItemVolumes" VALUES(36873,750);
INSERT INTO "ItemVolumes" VALUES(36878,750);
INSERT INTO "ItemVolumes" VALUES(36886,750);
INSERT INTO "ItemVolumes" VALUES(65259,20);
CREATE TABLE Items (
    item_description TEXT,
    pack INTEGER,
    bottle_volume_ml INTEGER,
    vendor_number INTEGER,
    category INTEGER,
    FOREIGN KEY (vendor_number) REFERENCES Vendors(vendor_number),
    FOREIGN KEY (category) REFERENCES Categories(category)
);
INSERT INTO "Items" VALUES('JAGERMEISTER LIQUEUR MINI MEISTERS',12,20,192,1082100);
INSERT INTO "Items" VALUES('JOSE CUERVO ESPECIAL SILVER W/1L CLASSIC MARGARITA MIX',6,750,395,1701100);
INSERT INTO "Items" VALUES('GLENLIVET 12YR',12,750,370,1012300);
INSERT INTO "Items" VALUES('GLENLIVET FOUNDERS RESERVE',12,750,370,1012300);
INSERT INTO "Items" VALUES('JOHNNIE WALKER RED',12,750,260,1012200);
INSERT INTO "Items" VALUES('MACALLAN 12 YR SINGLE MALT SCOTCH',12,750,266,1012300);
INSERT INTO "Items" VALUES('BLACK VELVET TOASTED CARAMEL',12,750,259,1012100);
INSERT INTO "Items" VALUES('CROWN ROYAL VANILLA',12,750,260,1012100);
INSERT INTO "Items" VALUES('CROWN ROYAL REGAL APPLE MINI',10,300,260,1012100);
INSERT INTO "Items" VALUES('CROWN ROYAL REGAL APPLE',24,375,260,1012100);
INSERT INTO "Items" VALUES('CROWN ROYAL REGAL APPLE',12,750,260,1012100);
INSERT INTO "Items" VALUES('CROWN ROYAL',24,375,260,1012100);
INSERT INTO "Items" VALUES('CROWN ROYAL',12,750,260,1012100);
INSERT INTO "Items" VALUES('BLACK VELVET',24,375,259,1012100);
INSERT INTO "Items" VALUES('BLACK VELVET',24,375,115,1012100);
INSERT INTO "Items" VALUES('BLACK VELVET',12,750,259,1012100);
INSERT INTO "Items" VALUES('BLACK VELVET',12,750,115,1012100);
INSERT INTO "Items" VALUES('BLACK VELVET PET',12,750,259,1012100);
INSERT INTO "Items" VALUES('BLACK VELVET TRAVELER',12,750,115,1012100);
INSERT INTO "Items" VALUES('CANADIAN LTD WHISKY',24,375,55,1012100);
INSERT INTO "Items" VALUES('RICH & RARE APPLE',12,750,421,1012100);
INSERT INTO "Items" VALUES('REVEL STOKE ROOT BEER',12,750,380,1012100);
INSERT INTO "Items" VALUES('REVEL STOKE SMOREGASM TOASTED SMORES WHISKY',12,750,380,1012100);
INSERT INTO "Items" VALUES('JAMESON',12,750,370,1012400);
INSERT INTO "Items" VALUES('JAMESON',24,375,370,1012400);
INSERT INTO "Items" VALUES('JAMESON CASKMATES STOUT',12,750,370,1012400);
INSERT INTO "Items" VALUES('PADDY OLD IRISH WHISKEY',12,750,421,1012400);
INSERT INTO "Items" VALUES('PROPER NO. TWELVE',12,750,395,1012400);
INSERT INTO "Items" VALUES('BASIL HAYDEN 8YR',6,750,65,1011200);
INSERT INTO "Items" VALUES('BASIL HAYDEN 8YR',12,750,65,1011200);
INSERT INTO "Items" VALUES('BULLEIT BOURBON',12,750,260,1011200);
INSERT INTO "Items" VALUES('CEDAR RIDGE BOURBON',6,750,125,1011200);
INSERT INTO "Items" VALUES('ELIJAH CRAIG',12,750,259,1011200);
INSERT INTO "Items" VALUES('EVAN WILLIAMS STR BOURBON',12,750,259,1011200);
INSERT INTO "Items" VALUES('EVAN WILLIAMS 1783',12,750,259,1011600);
INSERT INTO "Items" VALUES('FOUR ROSES SMALL BATCH',6,750,184,1011200);
INSERT INTO "Items" VALUES('FOUR ROSES SINGLE BARREL',6,750,184,1011300);
INSERT INTO "Items" VALUES('JIM BEAM',12,750,65,1011200);
INSERT INTO "Items" VALUES('JIM BEAM PET',12,750,65,1011200);
INSERT INTO "Items" VALUES('MAKERS MARK',12,750,65,1011200);
INSERT INTO "Items" VALUES('KENTUCKY TAVERN',12,750,55,1011200);
INSERT INTO "Items" VALUES('OLD TUB',12,750,65,1011500);
INSERT INTO "Items" VALUES('REBEL YELL KSBW 100PRF',6,750,434,1011200);
INSERT INTO "Items" VALUES('WILD TURKEY 101',12,750,619,1011200);
INSERT INTO "Items" VALUES('WOODFORD RESERVE',12,750,85,1011200);
INSERT INTO "Items" VALUES('BEAM''S 8 STAR BL WHISKEY',24,375,65,1011100);
INSERT INTO "Items" VALUES('BEAMS 8 STAR BL WHISKEY',24,375,65,1011100);
INSERT INTO "Items" VALUES('FIVE STAR PET',12,750,297,1011100);
INSERT INTO "Items" VALUES('FIVE STAR',24,375,297,1011100);
INSERT INTO "Items" VALUES('FIVE STAR',12,750,297,1011100);
INSERT INTO "Items" VALUES('HAWKEYE BLENDED WHISKEY',12,750,434,1011100);
INSERT INTO "Items" VALUES('MCCORMICK BLEND WHISKEY',12,750,300,1011100);
INSERT INTO "Items" VALUES('SEAGRAMS 7 CROWN',12,375,260,1011100);
INSERT INTO "Items" VALUES('GEORGE DICKEL #12',12,750,260,1011400);
INSERT INTO "Items" VALUES('JACK DANIELS OLD #7 BLACK LABEL FLAT',24,375,85,1011400);
INSERT INTO "Items" VALUES('JACK DANIELS OLD #7 BLACK LABEL',12,750,85,1011400);
INSERT INTO "Items" VALUES('JACK DANIELS OLD #7 BLACK LBL',12,750,85,1011400);
INSERT INTO "Items" VALUES('BULLEIT 95 RYE',12,750,260,1011600);
INSERT INTO "Items" VALUES('JIM BEAM RYE',12,750,65,1011600);
INSERT INTO "Items" VALUES('OLD OVERHOLT RYE',12,750,65,1011600);
INSERT INTO "Items" VALUES('TEMPLETON 6YR RYE',6,750,255,1011600);
INSERT INTO "Items" VALUES('PRAIRIE FIRE',12,750,154,1011100);
INSERT INTO "Items" VALUES('CODY ROAD SINGLE BARREL',6,750,306,1011300);
INSERT INTO "Items" VALUES('BIRD DOG APPLE',6,750,492,1011100);
INSERT INTO "Items" VALUES('JIM BEAM APPLE',12,750,65,1011200);
INSERT INTO "Items" VALUES('IOWA DISTILLING COMPANY STRAIGHT BOURBON WHISKEY',6,750,154,1011200);
INSERT INTO "Items" VALUES('BOMBAY SAPPHIRE GIN',12,750,35,1042100);
INSERT INTO "Items" VALUES('JIM BEAM PEACH',12,750,65,1011200);
INSERT INTO "Items" VALUES('BROKERS GIN',12,750,300,1042100);
INSERT INTO "Items" VALUES('HENDRICK''S GIN',6,1000,240,1042100);
INSERT INTO "Items" VALUES('ROKU GIN',6,750,65,1042100);
INSERT INTO "Items" VALUES('TANQUERAY SEVILLA ORANGE',12,750,260,1042100);
INSERT INTO "Items" VALUES('TANQUERAY GIN',12,750,260,1042100);
INSERT INTO "Items" VALUES('CALIBER GIN',12,750,55,1041100);
INSERT INTO "Items" VALUES('SEAGRAMS EXTRA DRY GIN MINI',12,500,370,1041100);
INSERT INTO "Items" VALUES('SEAGRAMS EXTRA DRY GIN',24,375,370,1041100);
INSERT INTO "Items" VALUES('SEAGRAMS EXTRA DRY GIN PET',12,750,370,1041100);
INSERT INTO "Items" VALUES('ABSOLUT LIME MINI',10,600,370,1032200);
INSERT INTO "Items" VALUES('SVEDKA MANGO PINEAPPLE',12,750,115,1032200);
INSERT INTO "Items" VALUES('ABSOLUT SWEDISH VODKA 80PRF',12,750,370,1032100);
INSERT INTO "Items" VALUES('ABSOLUT PEARS',12,750,370,1032200);
INSERT INTO "Items" VALUES('BELVEDERE VODKA',6,1000,420,1032100);
INSERT INTO "Items" VALUES('EFFEN VODKA',6,750,65,1032100);
INSERT INTO "Items" VALUES('GREY GOOSE',6,1000,35,1032100);
INSERT INTO "Items" VALUES('KETEL ONE CITROEN',12,750,260,1032200);
INSERT INTO "Items" VALUES('PEARL 80PRF',12,750,434,1032100);
INSERT INTO "Items" VALUES('PEARL POMEGRANATE',12,750,434,1031200);
INSERT INTO "Items" VALUES('STOLICHNAYA BLUEBERI',12,750,277,1032200);
INSERT INTO "Items" VALUES('SVEDKA 80PRF',12,750,115,1032100);
INSERT INTO "Items" VALUES('SVEDKA VODKA',12,750,115,1032100);
INSERT INTO "Items" VALUES('TANQUERAY STERLING VODKA',12,750,260,1032100);
INSERT INTO "Items" VALUES('STOLICHNAYA RAZBERI',12,750,277,1032200);
INSERT INTO "Items" VALUES('RUSSIAN STANDARD',12,750,239,1032100);
INSERT INTO "Items" VALUES('BARTON VODKA PET',12,750,55,1031100);
INSERT INTO "Items" VALUES('BARTON VODKA PET',12,750,421,1031100);
INSERT INTO "Items" VALUES('BARTON VODKA',12,750,55,1031100);
INSERT INTO "Items" VALUES('ABSOLUT MANGO',12,750,370,1032200);
INSERT INTO "Items" VALUES('BURNETTS VODKA 80PRF',12,750,259,1031100);
INSERT INTO "Items" VALUES('FIVE O''CLOCK VODKA',24,375,297,1031100);
INSERT INTO "Items" VALUES('FIVE O''CLOCK VODKA',12,750,297,1031100);
INSERT INTO "Items" VALUES('FIVE O''CLOCK VODKA PET',12,750,297,1031100);
INSERT INTO "Items" VALUES('FIVE O''CLOCK PET VODKA',12,750,297,1031100);
INSERT INTO "Items" VALUES('FLEISCHMANNS 80PRF VODKA',24,375,421,1031100);
INSERT INTO "Items" VALUES('DEEP EDDY 80PRF',12,750,259,1031100);
INSERT INTO "Items" VALUES('HAWKEYE VODKA',24,375,434,1031100);
INSERT INTO "Items" VALUES('HAWKEYE VODKA PET',12,750,434,1031100);
INSERT INTO "Items" VALUES('HAWKEYE VODKA',12,750,434,1031100);
INSERT INTO "Items" VALUES('EFFEN BLOOD ORANGE',6,750,65,1032200);
INSERT INTO "Items" VALUES('CALIBER VODKA',12,750,55,1031100);
INSERT INTO "Items" VALUES('CALIBER VODKA',12,750,421,1031100);
INSERT INTO "Items" VALUES('ABSOLUT GRAPEFRUIT',12,750,370,1032200);
INSERT INTO "Items" VALUES('BLUE OX VODKA',12,750,626,1031100);
INSERT INTO "Items" VALUES('BLUE OX VODKA',12,750,777,1031100);
INSERT INTO "Items" VALUES('FOUNDRY VODKA',6,750,566,1031100);
INSERT INTO "Items" VALUES('MCCORMICK 80PRF VODKA',12,750,300,1031100);
INSERT INTO "Items" VALUES('MCCORMICK VODKA',12,750,300,1031100);
CREATE TABLE Sales (
    sale_id INTEGER PRIMARY KEY AUTOINCREMENT,
    invoice_and_item_number TEXT,
    bottles_sold INTEGER,
    sale_dollars REAL,
    volume_sold_liters REAL,
    volume_sold_gallons REAL,
    FOREIGN KEY (invoice_and_item_number) REFERENCES Invoices(invoice_and_item_number)
);
INSERT INTO "Sales" VALUES(1,'INV-49060000007',1,8.45,0.02,0.0);
INSERT INTO "Sales" VALUES(2,'INV-29396200023',24,398.64,18.0,4.75);
INSERT INTO "Sales" VALUES(3,'INV-24422600097',24,881.28,18.0,4.75);
INSERT INTO "Sales" VALUES(4,'INV-14931100058',24,719.28,18.0,4.75);
INSERT INTO "Sales" VALUES(5,'INV-39028600022',24,486.0,18.0,4.75);
INSERT INTO "Sales" VALUES(6,'INV-22606500019',24,486.0,18.0,4.75);
INSERT INTO "Sales" VALUES(7,'INV-21464900121',24,1259.76,18.0,4.75);
INSERT INTO "Sales" VALUES(8,'INV-28890400005',24,243.12,18.0,4.75);
INSERT INTO "Sales" VALUES(9,'INV-46063500002',24,188.4,18.0,4.75);
INSERT INTO "Sales" VALUES(10,'INV-34736200034',24,188.4,18.0,4.75);
INSERT INTO "Sales" VALUES(11,'INV-25218500014',24,243.12,18.0,4.75);
INSERT INTO "Sales" VALUES(12,'INV-34763600004',24,188.4,18.0,4.75);
INSERT INTO "Sales" VALUES(13,'INV-36806800008',24,188.4,18.0,4.75);
INSERT INTO "Sales" VALUES(14,'INV-38217000009',24,188.4,18.0,4.75);
INSERT INTO "Sales" VALUES(15,'INV-37877300003',24,188.4,18.0,4.75);
INSERT INTO "Sales" VALUES(16,'INV-41741600008',24,597.36,18.0,4.75);
INSERT INTO "Sales" VALUES(17,'INV-31484400023',24,561.36,18.0,4.75);
INSERT INTO "Sales" VALUES(18,'INV-19732200091',60,661.8,18.0,4.75);
INSERT INTO "Sales" VALUES(19,'INV-24020900011',48,576.0,18.0,4.75);
INSERT INTO "Sales" VALUES(20,'INV-19707800004',24,561.36,18.0,4.75);
INSERT INTO "Sales" VALUES(21,'INV-24489000007',24,561.36,18.0,4.75);
INSERT INTO "Sales" VALUES(22,'INV-24803800103',24,561.36,18.0,4.75);
INSERT INTO "Sales" VALUES(23,'INV-39741900013',24,597.36,18.0,4.75);
INSERT INTO "Sales" VALUES(24,'INV-34468800009',24,561.36,18.0,4.75);
INSERT INTO "Sales" VALUES(25,'INV-18133700004',24,561.36,18.0,4.75);
INSERT INTO "Sales" VALUES(26,'INV-33336900008',24,561.36,18.0,4.75);
INSERT INTO "Sales" VALUES(27,'INV-35327600033',24,561.36,18.0,4.75);
INSERT INTO "Sales" VALUES(28,'INV-40262300007',24,597.36,18.0,4.75);
INSERT INTO "Sales" VALUES(29,'INV-30074800005',24,561.36,18.0,4.75);
INSERT INTO "Sales" VALUES(30,'INV-47801900002',24,629.76,18.0,4.75);
INSERT INTO "Sales" VALUES(31,'INV-31499100010',24,561.36,18.0,4.75);
INSERT INTO "Sales" VALUES(32,'INV-38362800034',24,597.36,18.0,4.75);
INSERT INTO "Sales" VALUES(33,'INV-17652600027',24,561.36,18.0,4.75);
INSERT INTO "Sales" VALUES(34,'INV-38383500018',24,597.36,18.0,4.75);
INSERT INTO "Sales" VALUES(35,'INV-41070000034',48,576.0,18.0,4.75);
INSERT INTO "Sales" VALUES(36,'INV-17995600027',48,576.0,18.0,4.75);
INSERT INTO "Sales" VALUES(37,'INV-13814000011',24,561.36,18.0,4.75);
INSERT INTO "Sales" VALUES(38,'INV-31821100006',24,561.36,18.0,4.75);
INSERT INTO "Sales" VALUES(39,'INV-28692200011',24,561.36,18.0,4.75);
INSERT INTO "Sales" VALUES(40,'INV-40056200074',24,597.36,18.0,4.75);
INSERT INTO "Sales" VALUES(41,'INV-39939700024',24,597.36,18.0,4.75);
INSERT INTO "Sales" VALUES(42,'INV-46285000016',24,629.76,18.0,4.75);
INSERT INTO "Sales" VALUES(43,'INV-31222000003',24,561.36,18.0,4.75);
INSERT INTO "Sales" VALUES(44,'INV-48949100046',24,629.76,18.0,4.75);
INSERT INTO "Sales" VALUES(45,'INV-33570700002',24,561.36,18.0,4.75);
INSERT INTO "Sales" VALUES(46,'INV-39896400020',24,597.36,18.0,4.75);
INSERT INTO "Sales" VALUES(47,'INV-31372800003',24,561.36,18.0,4.75);
INSERT INTO "Sales" VALUES(48,'INV-25741300003',24,561.36,18.0,4.75);
INSERT INTO "Sales" VALUES(49,'INV-31412600122',24,561.36,18.0,4.75);
INSERT INTO "Sales" VALUES(50,'INV-31655800003',24,561.36,18.0,4.75);
INSERT INTO "Sales" VALUES(51,'INV-31540800007',24,561.36,18.0,4.75);
INSERT INTO "Sales" VALUES(52,'INV-48657600082',24,629.76,18.0,4.75);
INSERT INTO "Sales" VALUES(53,'INV-43202000119',24,597.36,18.0,4.75);
INSERT INTO "Sales" VALUES(54,'INV-27352000016',48,221.28,18.0,4.75);
INSERT INTO "Sales" VALUES(55,'INV-30032300024',48,221.28,18.0,4.75);
INSERT INTO "Sales" VALUES(56,'INV-25838800008',48,221.28,18.0,4.75);
INSERT INTO "Sales" VALUES(57,'INV-23997000010',48,221.28,18.0,4.75);
INSERT INTO "Sales" VALUES(58,'INV-22402600010',48,221.28,18.0,4.75);
INSERT INTO "Sales" VALUES(59,'INV-15426200023',48,221.28,18.0,4.75);
INSERT INTO "Sales" VALUES(60,'INV-35883700001',48,221.28,18.0,4.75);
INSERT INTO "Sales" VALUES(61,'INV-47179400012',24,188.4,18.0,4.75);
INSERT INTO "Sales" VALUES(62,'INV-19631200002',24,188.4,18.0,4.75);
INSERT INTO "Sales" VALUES(63,'INV-28337000017',24,188.4,18.0,4.75);
INSERT INTO "Sales" VALUES(64,'INV-26354800005',24,188.4,18.0,4.75);
INSERT INTO "Sales" VALUES(65,'INV-14878100004',24,188.4,18.0,4.75);
INSERT INTO "Sales" VALUES(66,'INV-33481700033',24,188.4,18.0,4.75);
INSERT INTO "Sales" VALUES(67,'INV-24719000025',24,188.4,18.0,4.75);
INSERT INTO "Sales" VALUES(68,'INV-15030700001',24,188.4,18.0,4.75);
INSERT INTO "Sales" VALUES(69,'INV-47522800002',24,188.4,18.0,4.75);
INSERT INTO "Sales" VALUES(70,'INV-13995300015',24,188.4,18.0,4.75);
INSERT INTO "Sales" VALUES(71,'INV-30806900016',24,188.4,18.0,4.75);
INSERT INTO "Sales" VALUES(72,'INV-20161800007',24,188.4,18.0,4.75);
INSERT INTO "Sales" VALUES(73,'INV-18075800067',24,188.4,18.0,4.75);
INSERT INTO "Sales" VALUES(74,'INV-18049200019',24,188.4,18.0,4.75);
INSERT INTO "Sales" VALUES(75,'INV-29767500004',24,188.4,18.0,4.75);
INSERT INTO "Sales" VALUES(76,'INV-27480600005',24,188.4,18.0,4.75);
INSERT INTO "Sales" VALUES(77,'INV-39354900018',24,188.4,18.0,4.75);
INSERT INTO "Sales" VALUES(78,'INV-38813800005',24,188.4,18.0,4.75);
INSERT INTO "Sales" VALUES(79,'INV-26025700036',24,188.4,18.0,4.75);
INSERT INTO "Sales" VALUES(80,'INV-48373400008',24,188.4,18.0,4.75);
INSERT INTO "Sales" VALUES(81,'INV-19278200002',24,188.4,18.0,4.75);
INSERT INTO "Sales" VALUES(82,'INV-14306700001',24,188.4,18.0,4.75);
INSERT INTO "Sales" VALUES(83,'INV-23510000011',24,188.4,18.0,4.75);
INSERT INTO "Sales" VALUES(84,'INV-23956000048',24,188.4,18.0,4.75);
INSERT INTO "Sales" VALUES(85,'INV-34931300007',24,188.4,18.0,4.75);
INSERT INTO "Sales" VALUES(86,'INV-45697000023',24,188.4,18.0,4.75);
INSERT INTO "Sales" VALUES(87,'INV-30833000006',24,188.4,18.0,4.75);
INSERT INTO "Sales" VALUES(88,'INV-28250400012',24,188.4,18.0,4.75);
INSERT INTO "Sales" VALUES(89,'INV-46171300005',24,188.4,18.0,4.75);
INSERT INTO "Sales" VALUES(90,'INV-25798600030',24,188.4,18.0,4.75);
INSERT INTO "Sales" VALUES(91,'INV-15005400002',24,188.4,18.0,4.75);
INSERT INTO "Sales" VALUES(92,'INV-29135900020',24,188.4,18.0,4.75);
INSERT INTO "Sales" VALUES(93,'INV-35037000008',24,188.4,18.0,4.75);
INSERT INTO "Sales" VALUES(94,'INV-18980300017',24,188.4,18.0,4.75);
INSERT INTO "Sales" VALUES(95,'INV-46776900019',24,188.4,18.0,4.75);
INSERT INTO "Sales" VALUES(96,'INV-18116500016',48,147.84,18.0,4.75);
INSERT INTO "Sales" VALUES(97,'INV-31093600025',24,180.0,18.0,4.75);
INSERT INTO "Sales" VALUES(98,'INV-26220600005',24,300.24,18.0,4.75);
INSERT INTO "Sales" VALUES(99,'INV-48691800022',24,324.72,18.0,4.75);
INSERT INTO "Sales" VALUES(100,'INV-16308200087',24,575.76,18.0,4.75);
INSERT INTO "Sales" VALUES(101,'INV-27933900114',24,593.76,18.0,4.75);
INSERT INTO "Sales" VALUES(102,'INV-25755700002',24,593.76,18.0,4.75);
INSERT INTO "Sales" VALUES(103,'INV-45259800013',24,611.76,18.0,4.75);
INSERT INTO "Sales" VALUES(104,'INV-15468400013',24,575.76,18.0,4.75);
INSERT INTO "Sales" VALUES(105,'INV-29624000057',48,511.2,18.0,4.75);
INSERT INTO "Sales" VALUES(106,'INV-41974000258',24,593.76,18.0,4.75);
INSERT INTO "Sales" VALUES(107,'INV-43673900001',24,360.0,18.0,4.75);
INSERT INTO "Sales" VALUES(108,'INV-34062800045',24,504.0,18.0,4.75);
INSERT INTO "Sales" VALUES(109,'INV-28234000010',24,756.0,18.0,4.75);
INSERT INTO "Sales" VALUES(110,'INV-42549200024',24,810.0,18.0,4.75);
INSERT INTO "Sales" VALUES(111,'INV-32992000128',24,756.0,18.0,4.75);
INSERT INTO "Sales" VALUES(112,'INV-28206000001',24,594.0,18.0,4.75);
INSERT INTO "Sales" VALUES(113,'INV-33570100022',24,594.0,18.0,4.75);
INSERT INTO "Sales" VALUES(114,'INV-29111400029',24,594.0,18.0,4.75);
INSERT INTO "Sales" VALUES(115,'INV-36404500072',24,594.0,18.0,4.75);
INSERT INTO "Sales" VALUES(116,'INV-14851300029',24,651.6,18.0,4.75);
INSERT INTO "Sales" VALUES(117,'INV-27538200054',24,540.0,18.0,4.75);
INSERT INTO "Sales" VALUES(118,'INV-35006500075',24,540.0,18.0,4.75);
INSERT INTO "Sales" VALUES(119,'INV-15651600006',24,278.64,18.0,4.75);
INSERT INTO "Sales" VALUES(120,'INV-34497300134',24,395.76,18.0,4.75);
INSERT INTO "Sales" VALUES(121,'INV-30226000034',24,582.24,18.0,4.75);
INSERT INTO "Sales" VALUES(122,'INV-37698600076',24,630.0,18.0,4.75);
INSERT INTO "Sales" VALUES(123,'INV-28565500015',24,762.24,18.0,4.75);
INSERT INTO "Sales" VALUES(124,'INV-39918600020',24,378.0,18.0,4.75);
INSERT INTO "Sales" VALUES(125,'INV-27543600087',24,378.0,18.0,4.75);
INSERT INTO "Sales" VALUES(126,'INV-46617100120',24,396.0,18.0,4.75);
INSERT INTO "Sales" VALUES(127,'INV-25094600019',24,378.0,18.0,4.75);
INSERT INTO "Sales" VALUES(128,'INV-22088200083',24,378.0,18.0,4.75);
INSERT INTO "Sales" VALUES(129,'INV-22387800016',24,378.0,18.0,4.75);
INSERT INTO "Sales" VALUES(130,'INV-16624200010',24,378.0,18.0,4.75);
INSERT INTO "Sales" VALUES(131,'INV-34873200088',24,378.0,18.0,4.75);
INSERT INTO "Sales" VALUES(132,'INV-37500500041',24,378.0,18.0,4.75);
INSERT INTO "Sales" VALUES(133,'INV-19934200021',24,630.0,18.0,4.75);
INSERT INTO "Sales" VALUES(134,'INV-38444900083',24,630.0,18.0,4.75);
INSERT INTO "Sales" VALUES(135,'INV-33653800015',24,153.12,18.0,4.75);
INSERT INTO "Sales" VALUES(136,'INV-27908000019',24,396.0,18.0,4.75);
INSERT INTO "Sales" VALUES(137,'INV-32871200015',24,360.0,18.0,4.75);
INSERT INTO "Sales" VALUES(138,'INV-24544100021',24,504.0,18.0,4.75);
INSERT INTO "Sales" VALUES(139,'INV-34022400087',24,504.0,18.0,4.75);
INSERT INTO "Sales" VALUES(140,'INV-49233800023',24,828.0,18.0,4.75);
INSERT INTO "Sales" VALUES(141,'INV-37111700127',24,809.76,18.0,4.75);
INSERT INTO "Sales" VALUES(142,'INV-19711900018',48,150.72,18.0,4.75);
INSERT INTO "Sales" VALUES(143,'INV-36142800007',48,150.72,18.0,4.75);
INSERT INTO "Sales" VALUES(144,'INV-21587400015',24,126.0,18.0,4.75);
INSERT INTO "Sales" VALUES(145,'INV-24945400016',24,126.0,18.0,4.75);
INSERT INTO "Sales" VALUES(146,'INV-20870100058',24,126.0,18.0,4.75);
INSERT INTO "Sales" VALUES(147,'INV-38240500009',24,126.0,18.0,4.75);
INSERT INTO "Sales" VALUES(148,'INV-43754900017',24,126.0,18.0,4.75);
INSERT INTO "Sales" VALUES(149,'INV-18773600030',48,150.72,18.0,4.75);
INSERT INTO "Sales" VALUES(150,'INV-19453700012',24,126.0,18.0,4.75);
INSERT INTO "Sales" VALUES(151,'INV-17818500150',24,126.0,18.0,4.75);
INSERT INTO "Sales" VALUES(152,'INV-25065700013',24,147.36,18.0,4.75);
INSERT INTO "Sales" VALUES(153,'INV-27406100007',24,147.36,18.0,4.75);
INSERT INTO "Sales" VALUES(154,'INV-44181200006',48,252.0,18.0,4.75);
INSERT INTO "Sales" VALUES(155,'INV-31113400012',24,486.0,18.0,4.75);
INSERT INTO "Sales" VALUES(156,'INV-37852500001',48,540.0,18.0,4.75);
INSERT INTO "Sales" VALUES(157,'INV-29640500093',24,560.64,18.0,4.75);
INSERT INTO "Sales" VALUES(158,'INV-34600800011',24,560.64,18.0,4.75);
INSERT INTO "Sales" VALUES(159,'INV-40121000019',24,560.64,18.0,4.75);
INSERT INTO "Sales" VALUES(160,'INV-15180200008',24,560.64,18.0,4.75);
INSERT INTO "Sales" VALUES(161,'INV-40944700012',24,560.64,18.0,4.75);
INSERT INTO "Sales" VALUES(162,'INV-20976100041',24,594.0,18.0,4.75);
INSERT INTO "Sales" VALUES(163,'INV-25022500055',24,486.0,18.0,4.75);
INSERT INTO "Sales" VALUES(164,'INV-29165300047',24,415.44,18.0,4.75);
INSERT INTO "Sales" VALUES(165,'INV-25590700050',24,819.12,18.0,4.75);
INSERT INTO "Sales" VALUES(166,'INV-31017500102',24,327.36,18.0,4.75);
INSERT INTO "Sales" VALUES(167,'INV-14689700001',24,900.0,18.0,4.75);
INSERT INTO "Sales" VALUES(168,'INV-47136400013',24,414.0,18.0,4.75);
INSERT INTO "Sales" VALUES(169,'INV-30877100007',24,378.0,18.0,4.75);
INSERT INTO "Sales" VALUES(170,'INV-38130700007',24,378.0,18.0,4.75);
INSERT INTO "Sales" VALUES(171,'INV-26860700047',24,378.0,18.0,4.75);
INSERT INTO "Sales" VALUES(172,'INV-35501300001',24,718.32,18.0,4.75);
INSERT INTO "Sales" VALUES(173,'INV-25325300002',24,486.0,18.0,4.75);
INSERT INTO "Sales" VALUES(174,'INV-31067400088',24,378.0,18.0,4.75);
INSERT INTO "Sales" VALUES(175,'INV-29556000137',24,378.0,18.0,4.75);
INSERT INTO "Sales" VALUES(176,'INV-35234100010',24,414.0,18.0,4.75);
INSERT INTO "Sales" VALUES(177,'INV-15135300028',18,571.68,18.0,4.75);
INSERT INTO "Sales" VALUES(178,'INV-41451100015',24,594.0,18.0,4.75);
INSERT INTO "Sales" VALUES(179,'INV-39761000081',24,486.0,18.0,4.75);
INSERT INTO "Sales" VALUES(180,'INV-27027100072',24,486.0,18.0,4.75);
INSERT INTO "Sales" VALUES(181,'INV-43739100001',24,486.0,18.0,4.75);
INSERT INTO "Sales" VALUES(182,'INV-23795800009',24,486.0,18.0,4.75);
INSERT INTO "Sales" VALUES(183,'INV-30854500032',24,115.68,18.0,4.75);
INSERT INTO "Sales" VALUES(184,'INV-16364300024',36,178.2,18.0,4.75);
INSERT INTO "Sales" VALUES(185,'INV-47185500016',48,244.32,18.0,4.75);
INSERT INTO "Sales" VALUES(186,'INV-16816400007',48,244.32,18.0,4.75);
INSERT INTO "Sales" VALUES(187,'INV-17358600026',48,244.32,18.0,4.75);
INSERT INTO "Sales" VALUES(188,'INV-34889000020',48,244.32,18.0,4.75);
INSERT INTO "Sales" VALUES(189,'INV-34695900025',24,251.76,18.0,4.75);
INSERT INTO "Sales" VALUES(190,'INV-17665700125',30,264.6,18.0,4.75);
INSERT INTO "Sales" VALUES(191,'INV-31833000001',24,315.12,18.0,4.75);
INSERT INTO "Sales" VALUES(192,'INV-20151400014',24,297.12,18.0,4.75);
INSERT INTO "Sales" VALUES(193,'INV-26574500065',24,315.12,18.0,4.75);
INSERT INTO "Sales" VALUES(194,'INV-47324700004',24,359.76,18.0,4.75);
INSERT INTO "Sales" VALUES(195,'INV-14962200003',24,413.76,18.0,4.75);
INSERT INTO "Sales" VALUES(196,'INV-49076200094',24,359.76,18.0,4.75);
INSERT INTO "Sales" VALUES(197,'INV-36099500061',24,359.76,18.0,4.75);
INSERT INTO "Sales" VALUES(198,'INV-19993100072',18,556.74,18.0,4.75);
INSERT INTO "Sales" VALUES(199,'INV-15231300026',24,450.0,18.0,4.75);
INSERT INTO "Sales" VALUES(200,'INV-35310300027',18,614.34,18.0,4.75);
INSERT INTO "Sales" VALUES(201,'INV-36216900061',18,614.34,18.0,4.75);
INSERT INTO "Sales" VALUES(202,'INV-18272200055',18,607.5,18.0,4.75);
INSERT INTO "Sales" VALUES(203,'INV-42987400019',18,513.0,18.0,4.75);
INSERT INTO "Sales" VALUES(204,'INV-29485000046',18,614.34,18.0,4.75);
INSERT INTO "Sales" VALUES(205,'INV-19968500019',24,450.0,18.0,4.75);
INSERT INTO "Sales" VALUES(206,'INV-37450700091',24,408.0,18.0,4.75);
INSERT INTO "Sales" VALUES(207,'INV-28771400048',24,252.0,18.0,4.75);
INSERT INTO "Sales" VALUES(208,'INV-47374800146',24,252.0,18.0,4.75);
INSERT INTO "Sales" VALUES(209,'INV-13872300019',24,359.76,18.0,4.75);
INSERT INTO "Sales" VALUES(210,'INV-27098300020',24,297.12,18.0,4.75);
INSERT INTO "Sales" VALUES(211,'INV-28590200071',24,297.12,18.0,4.75);
INSERT INTO "Sales" VALUES(212,'INV-42745700003',24,288.0,18.0,4.75);
INSERT INTO "Sales" VALUES(213,'INV-13613400005',24,297.12,18.0,4.75);
INSERT INTO "Sales" VALUES(214,'INV-16461500007',24,252.0,18.0,4.75);
INSERT INTO "Sales" VALUES(215,'INV-21413900110',24,252.0,18.0,4.75);
INSERT INTO "Sales" VALUES(216,'INV-40313800002',24,359.76,18.0,4.75);
INSERT INTO "Sales" VALUES(217,'INV-19744200043',24,339.6,18.0,4.75);
INSERT INTO "Sales" VALUES(218,'INV-27958000002',24,121.44,18.0,4.75);
INSERT INTO "Sales" VALUES(219,'INV-48893000092',24,121.44,18.0,4.75);
INSERT INTO "Sales" VALUES(220,'INV-31680900013',24,121.44,18.0,4.75);
INSERT INTO "Sales" VALUES(221,'INV-46914500010',24,121.44,18.0,4.75);
INSERT INTO "Sales" VALUES(222,'INV-20383300045',24,121.44,18.0,4.75);
INSERT INTO "Sales" VALUES(223,'INV-22404900006',24,413.76,18.0,4.75);
INSERT INTO "Sales" VALUES(224,'INV-44762300004',24,162.0,18.0,4.75);
INSERT INTO "Sales" VALUES(225,'INV-27359100002',24,162.0,18.0,4.75);
INSERT INTO "Sales" VALUES(226,'INV-19370800061',24,161.28,18.0,4.75);
INSERT INTO "Sales" VALUES(227,'INV-14107200002',48,139.2,18.0,4.75);
INSERT INTO "Sales" VALUES(228,'INV-26796400022',48,139.2,18.0,4.75);
INSERT INTO "Sales" VALUES(229,'INV-19822700011',24,121.44,18.0,4.75);
INSERT INTO "Sales" VALUES(230,'INV-23410800036',24,121.44,18.0,4.75);
INSERT INTO "Sales" VALUES(231,'INV-32253500001',24,121.44,18.0,4.75);
INSERT INTO "Sales" VALUES(232,'INV-42783300009',24,121.44,18.0,4.75);
INSERT INTO "Sales" VALUES(233,'INV-19038800008',24,121.44,18.0,4.75);
INSERT INTO "Sales" VALUES(234,'INV-36462000027',24,121.44,18.0,4.75);
INSERT INTO "Sales" VALUES(235,'INV-22456400001',24,121.44,18.0,4.75);
INSERT INTO "Sales" VALUES(236,'INV-19222000020',24,121.44,18.0,4.75);
INSERT INTO "Sales" VALUES(237,'INV-18474600013',24,121.44,18.0,4.75);
INSERT INTO "Sales" VALUES(238,'INV-27020000001',24,121.44,18.0,4.75);
INSERT INTO "Sales" VALUES(239,'INV-19586800007',24,121.44,18.0,4.75);
INSERT INTO "Sales" VALUES(240,'INV-20113000005',24,121.44,18.0,4.75);
INSERT INTO "Sales" VALUES(241,'INV-26377800006',24,121.44,18.0,4.75);
INSERT INTO "Sales" VALUES(242,'INV-18146900005',24,121.44,18.0,4.75);
INSERT INTO "Sales" VALUES(243,'INV-34665500011',24,121.44,18.0,4.75);
INSERT INTO "Sales" VALUES(244,'INV-31405800007',24,121.44,18.0,4.75);
INSERT INTO "Sales" VALUES(245,'INV-18197400003',24,121.44,18.0,4.75);
INSERT INTO "Sales" VALUES(246,'INV-18241500041',24,121.44,18.0,4.75);
INSERT INTO "Sales" VALUES(247,'INV-32376200001',24,121.44,18.0,4.75);
INSERT INTO "Sales" VALUES(248,'INV-17617800019',24,121.44,18.0,4.75);
INSERT INTO "Sales" VALUES(249,'INV-23917300003',24,121.44,18.0,4.75);
INSERT INTO "Sales" VALUES(250,'INV-31227400010',24,121.44,18.0,4.75);
INSERT INTO "Sales" VALUES(251,'INV-29384600010',24,121.44,18.0,4.75);
INSERT INTO "Sales" VALUES(252,'INV-17363400002',24,121.44,18.0,4.75);
INSERT INTO "Sales" VALUES(253,'INV-14527200013',24,121.44,18.0,4.75);
INSERT INTO "Sales" VALUES(254,'INV-22139900035',24,121.44,18.0,4.75);
INSERT INTO "Sales" VALUES(255,'INV-41999200005',48,125.28,18.0,4.75);
INSERT INTO "Sales" VALUES(256,'INV-29857300001',24,306.0,18.0,4.75);
INSERT INTO "Sales" VALUES(257,'INV-47125500011',48,133.92,18.0,4.75);
INSERT INTO "Sales" VALUES(258,'INV-31888700002',48,133.92,18.0,4.75);
INSERT INTO "Sales" VALUES(259,'INV-20235600082',48,133.92,18.0,4.75);
INSERT INTO "Sales" VALUES(260,'INV-26312500002',48,133.92,18.0,4.75);
INSERT INTO "Sales" VALUES(261,'INV-22997000004',48,133.92,18.0,4.75);
INSERT INTO "Sales" VALUES(262,'INV-31185200008',48,133.92,18.0,4.75);
INSERT INTO "Sales" VALUES(263,'INV-25677300001',48,133.92,18.0,4.75);
INSERT INTO "Sales" VALUES(264,'INV-17945500004',48,133.92,18.0,4.75);
INSERT INTO "Sales" VALUES(265,'INV-27555300035',48,133.92,18.0,4.75);
INSERT INTO "Sales" VALUES(266,'INV-20913100027',48,133.92,18.0,4.75);
INSERT INTO "Sales" VALUES(267,'INV-23995000020',48,133.92,18.0,4.75);
INSERT INTO "Sales" VALUES(268,'INV-46483600023',48,133.92,18.0,4.75);
INSERT INTO "Sales" VALUES(269,'INV-22040400019',48,133.92,18.0,4.75);
INSERT INTO "Sales" VALUES(270,'INV-23768600002',48,133.92,18.0,4.75);
INSERT INTO "Sales" VALUES(271,'INV-37220800003',48,133.92,18.0,4.75);
INSERT INTO "Sales" VALUES(272,'INV-48410500005',48,133.92,18.0,4.75);
INSERT INTO "Sales" VALUES(273,'INV-35826900002',48,133.92,18.0,4.75);
INSERT INTO "Sales" VALUES(274,'INV-29296100001',48,133.92,18.0,4.75);
INSERT INTO "Sales" VALUES(275,'INV-23654100012',48,133.92,18.0,4.75);
INSERT INTO "Sales" VALUES(276,'INV-27720500019',48,133.92,18.0,4.75);
INSERT INTO "Sales" VALUES(277,'INV-38794400036',24,120.24,18.0,4.75);
INSERT INTO "Sales" VALUES(278,'INV-22734600019',24,120.24,18.0,4.75);
INSERT INTO "Sales" VALUES(279,'INV-37042500001',24,120.24,18.0,4.75);
INSERT INTO "Sales" VALUES(280,'INV-32793400073',24,120.24,18.0,4.75);
INSERT INTO "Sales" VALUES(281,'INV-31641200006',24,120.24,18.0,4.75);
INSERT INTO "Sales" VALUES(282,'INV-26438900011',24,120.24,18.0,4.75);
INSERT INTO "Sales" VALUES(283,'INV-19941500012',24,120.24,18.0,4.75);
INSERT INTO "Sales" VALUES(284,'INV-29980400012',24,120.24,18.0,4.75);
INSERT INTO "Sales" VALUES(285,'INV-47508600032',24,120.24,18.0,4.75);
INSERT INTO "Sales" VALUES(286,'INV-40648400016',24,120.24,18.0,4.75);
INSERT INTO "Sales" VALUES(287,'INV-21165800063',24,120.24,18.0,4.75);
INSERT INTO "Sales" VALUES(288,'INV-31019600006',24,120.24,18.0,4.75);
INSERT INTO "Sales" VALUES(289,'INV-29751300015',24,120.24,18.0,4.75);
INSERT INTO "Sales" VALUES(290,'INV-41315600003',24,120.24,18.0,4.75);
INSERT INTO "Sales" VALUES(291,'INV-20726300073',24,120.24,18.0,4.75);
INSERT INTO "Sales" VALUES(292,'INV-18316800002',24,120.24,18.0,4.75);
INSERT INTO "Sales" VALUES(293,'INV-31092700012',24,120.24,18.0,4.75);
INSERT INTO "Sales" VALUES(294,'INV-40587500037',24,120.24,18.0,4.75);
INSERT INTO "Sales" VALUES(295,'INV-46450500009',24,120.24,18.0,4.75);
INSERT INTO "Sales" VALUES(296,'INV-39572700002',24,120.24,18.0,4.75);
INSERT INTO "Sales" VALUES(297,'INV-18800300018',24,120.24,18.0,4.75);
INSERT INTO "Sales" VALUES(298,'INV-17579700034',24,120.24,18.0,4.75);
INSERT INTO "Sales" VALUES(299,'INV-29313400010',24,120.24,18.0,4.75);
INSERT INTO "Sales" VALUES(300,'INV-48407800022',24,120.24,18.0,4.75);
INSERT INTO "Sales" VALUES(301,'INV-27665900005',24,120.24,18.0,4.75);
INSERT INTO "Sales" VALUES(302,'INV-15760100004',24,120.24,18.0,4.75);
INSERT INTO "Sales" VALUES(303,'INV-37600400009',24,120.24,18.0,4.75);
INSERT INTO "Sales" VALUES(304,'INV-24163000002',24,120.24,18.0,4.75);
INSERT INTO "Sales" VALUES(305,'INV-35481200090',24,120.24,18.0,4.75);
INSERT INTO "Sales" VALUES(306,'INV-35994800017',24,120.24,18.0,4.75);
INSERT INTO "Sales" VALUES(307,'INV-29408900009',24,120.24,18.0,4.75);
INSERT INTO "Sales" VALUES(308,'INV-23828400051',24,120.24,18.0,4.75);
INSERT INTO "Sales" VALUES(309,'INV-45713700030',24,120.24,18.0,4.75);
INSERT INTO "Sales" VALUES(310,'INV-24252800018',24,120.24,18.0,4.75);
INSERT INTO "Sales" VALUES(311,'INV-32879600037',24,120.24,18.0,4.75);
INSERT INTO "Sales" VALUES(312,'INV-16500100045',24,120.24,18.0,4.75);
INSERT INTO "Sales" VALUES(313,'INV-19773700011',24,120.24,18.0,4.75);
INSERT INTO "Sales" VALUES(314,'INV-21235700004',24,120.24,18.0,4.75);
INSERT INTO "Sales" VALUES(315,'INV-29727700018',24,120.24,18.0,4.75);
INSERT INTO "Sales" VALUES(316,'INV-17420300004',24,120.24,18.0,4.75);
INSERT INTO "Sales" VALUES(317,'INV-18116300029',24,120.24,18.0,4.75);
INSERT INTO "Sales" VALUES(318,'INV-44535900029',24,120.24,18.0,4.75);
INSERT INTO "Sales" VALUES(319,'INV-26099300019',24,120.24,18.0,4.75);
INSERT INTO "Sales" VALUES(320,'INV-25773900019',24,120.24,18.0,4.75);
INSERT INTO "Sales" VALUES(321,'INV-15549700016',24,120.24,18.0,4.75);
INSERT INTO "Sales" VALUES(322,'INV-18685700024',24,120.24,18.0,4.75);
INSERT INTO "Sales" VALUES(323,'INV-19148500031',24,120.24,18.0,4.75);
INSERT INTO "Sales" VALUES(324,'INV-22215800010',24,120.24,18.0,4.75);
INSERT INTO "Sales" VALUES(325,'INV-14277600002',24,120.24,18.0,4.75);
INSERT INTO "Sales" VALUES(326,'INV-14484200130',24,450.0,18.0,4.75);
INSERT INTO "Sales" VALUES(327,'INV-19725100049',24,119.28,18.0,4.75);
INSERT INTO "Sales" VALUES(328,'INV-36949800014',24,119.28,18.0,4.75);
INSERT INTO "Sales" VALUES(329,'INV-28537100020',24,119.28,18.0,4.75);
INSERT INTO "Sales" VALUES(330,'INV-27267300070',24,119.28,18.0,4.75);
INSERT INTO "Sales" VALUES(331,'INV-28728600020',24,119.28,18.0,4.75);
INSERT INTO "Sales" VALUES(332,'INV-23000600036',24,119.28,18.0,4.75);
INSERT INTO "Sales" VALUES(333,'INV-24956000021',24,119.28,18.0,4.75);
INSERT INTO "Sales" VALUES(334,'INV-17958200036',24,119.28,18.0,4.75);
INSERT INTO "Sales" VALUES(335,'INV-26091200035',24,119.28,18.0,4.75);
INSERT INTO "Sales" VALUES(336,'INV-23851300043',24,119.28,18.0,4.75);
INSERT INTO "Sales" VALUES(337,'INV-43188900020',24,119.28,18.0,4.75);
INSERT INTO "Sales" VALUES(338,'INV-23390500005',24,359.76,18.0,4.75);
INSERT INTO "Sales" VALUES(339,'INV-29538600043',24,359.76,18.0,4.75);
INSERT INTO "Sales" VALUES(340,'INV-31883100002',24,118.8,18.0,4.75);
INSERT INTO "Sales" VALUES(341,'INV-48829000021',24,122.88,18.0,4.75);
INSERT INTO "Sales" VALUES(342,'INV-43775000099',24,122.88,18.0,4.75);
INSERT INTO "Sales" VALUES(343,'INV-25213500019',24,115.2,18.0,4.75);
INSERT INTO "Sales" VALUES(344,'INV-38493300104',24,121.68,18.0,4.75);
INSERT INTO "Sales" VALUES(345,'INV-34011300050',24,118.8,18.0,4.75);
INSERT INTO "Sales" VALUES(346,'INV-36807300061',24,120.0,18.0,4.75);
INSERT INTO "Sales" VALUES(347,'INV-48678000024',24,122.88,18.0,4.75);
INSERT INTO "Sales" VALUES(348,'INV-15986000068',24,285.6,18.0,4.75);
INSERT INTO "Sales" VALUES(349,'INV-31830100003',24,119.28,18.0,4.75);
INSERT INTO "Sales" VALUES(350,'INV-33208600014',24,119.28,18.0,4.75);
INSERT INTO "Sales" VALUES(351,'INV-16530400019',24,119.28,18.0,4.75);
CREATE TABLE StoreLocations (
    location_id INTEGER PRIMARY KEY AUTOINCREMENT,
    store_number INTEGER,
    store_location TEXT,
    FOREIGN KEY (store_number) REFERENCES Stores(store_number)
);
INSERT INTO "StoreLocations" VALUES(1,4857,'POINT(-91.169516 40.811817)');
INSERT INTO "StoreLocations" VALUES(2,4203,'POINT(-92.47898 42.725694)');
INSERT INTO "StoreLocations" VALUES(3,2648,'POINT(-93.773557 41.561197)');
INSERT INTO "StoreLocations" VALUES(4,2665,'POINT(-93.854477 41.615059)');
INSERT INTO "StoreLocations" VALUES(5,4137,'POINT(-93.86786 41.614033)');
INSERT INTO "StoreLocations" VALUES(6,2675,'POINT(-91.606271 41.721438)');
INSERT INTO "StoreLocations" VALUES(7,2619,'POINT(-93.808855 41.598515)');
INSERT INTO "StoreLocations" VALUES(8,4884,'POINT(-96.348659 42.470479)');
INSERT INTO "StoreLocations" VALUES(9,2130,'POINT(-92.335358 42.497854)');
INSERT INTO "StoreLocations" VALUES(10,4312,'POINT(-95.8792 41.238092)');
INSERT INTO "StoreLocations" VALUES(11,5102,'POINT(-91.410401 41.918328)');
INSERT INTO "StoreLocations" VALUES(12,2621,'POINT(-96.364108 42.487752)');
INSERT INTO "StoreLocations" VALUES(13,4472,'POINT(-92.874182 40.724175)');
INSERT INTO "StoreLocations" VALUES(14,5397,'POINT(-91.874686 41.801173)');
INSERT INTO "StoreLocations" VALUES(15,3871,'POINT(-93.751998 41.598813)');
INSERT INTO "StoreLocations" VALUES(16,2548,'POINT(-93.465301 41.644041)');
INSERT INTO "StoreLocations" VALUES(17,3833,'POINT(-94.98571 41.403853)');
INSERT INTO "StoreLocations" VALUES(18,5353,'POINT(-92.953534 41.381055)');
INSERT INTO "StoreLocations" VALUES(19,4091,'POINT(-93.613385 43.105949)');
INSERT INTO "StoreLocations" VALUES(20,4944,'POINT(-93.737459 41.373366)');
INSERT INTO "StoreLocations" VALUES(21,2527,'POINT(-93.602372 41.526289)');
INSERT INTO "StoreLocations" VALUES(22,5916,'POINT(-90.539095 41.808535)');
INSERT INTO "StoreLocations" VALUES(23,2106,'POINT(-92.455796 42.517182)');
INSERT INTO "StoreLocations" VALUES(24,2647,'POINT(-91.701581 42.030129)');
INSERT INTO "StoreLocations" VALUES(25,2536,'POINT(-93.519187 41.598109)');
INSERT INTO "StoreLocations" VALUES(26,3997,'POINT(-93.800214 41.024891)');
INSERT INTO "StoreLocations" VALUES(27,4197,'POINT(-96.353078 42.400504)');
INSERT INTO "StoreLocations" VALUES(28,2666,'POINT(-93.621928 41.705447)');
INSERT INTO "StoreLocations" VALUES(29,4907,'POINT(-92.44586 42.516198)');
INSERT INTO "StoreLocations" VALUES(30,2594,'POINT(-96.346969 42.447396)');
INSERT INTO "StoreLocations" VALUES(31,3625,'POINT(-93.582348 41.704864)');
INSERT INTO "StoreLocations" VALUES(32,3456,'POINT(-93.378772 43.142868)');
INSERT INTO "StoreLocations" VALUES(33,6229,'POINT(-95.198584 42.646794)');
INSERT INTO "StoreLocations" VALUES(34,5530,'POINT(-92.88592 42.006852)');
INSERT INTO "StoreLocations" VALUES(35,2629,'POINT(-95.825137 41.242732)');
INSERT INTO "StoreLocations" VALUES(36,5171,'POINT(-91.344117 42.473764)');
INSERT INTO "StoreLocations" VALUES(37,2603,'POINT(-90.483701 41.552338)');
INSERT INTO "StoreLocations" VALUES(38,3769,'POINT(-92.440394 42.485042)');
INSERT INTO "StoreLocations" VALUES(39,2536,'POINT(-93.519491 41.598133)');
INSERT INTO "StoreLocations" VALUES(40,3789,'POINT(-92.669924 41.298516)');
INSERT INTO "StoreLocations" VALUES(41,2550,'POINT(-93.77321 41.030569)');
INSERT INTO "StoreLocations" VALUES(42,3731,'POINT(-90.525525 41.580212)');
INSERT INTO "StoreLocations" VALUES(43,4182,'POINT(-91.111904 42.475277)');
INSERT INTO "StoreLocations" VALUES(44,3742,'POINT(-96.185499 42.780675)');
INSERT INTO "StoreLocations" VALUES(45,3622,'POINT(-95.126535 43.416452)');
INSERT INTO "StoreLocations" VALUES(46,4291,'POINT(-94.237509 40.715722)');
INSERT INTO "StoreLocations" VALUES(47,2506,'POINT(-91.136655 40.814666)');
INSERT INTO "StoreLocations" VALUES(48,2555,'POINT(-91.403673 40.415303)');
INSERT INTO "StoreLocations" VALUES(49,5421,'POINT(-95.318597 41.656803)');
INSERT INTO "StoreLocations" VALUES(50,5326,'POINT(-95.202405 42.647492)');
INSERT INTO "StoreLocations" VALUES(51,5859,'POINT(-93.208614 43.152301)');
INSERT INTO "StoreLocations" VALUES(52,4558,'POINT(-96.405013 42.504732)');
INSERT INTO "StoreLocations" VALUES(53,5251,'POINT(-93.201061 43.163663)');
INSERT INTO "StoreLocations" VALUES(54,4937,'POINT(-95.38464 40.765869)');
INSERT INTO "StoreLocations" VALUES(55,4573,'POINT(-95.654604 40.605217)');
INSERT INTO "StoreLocations" VALUES(56,4001,'POINT(-94.893501 42.081312)');
INSERT INTO "StoreLocations" VALUES(57,5378,'POINT(-92.990038 42.110344)');
INSERT INTO "StoreLocations" VALUES(58,4738,'POINT(-95.860337 41.219703)');
INSERT INTO "StoreLocations" VALUES(59,5129,'POINT(-93.64492 41.546838)');
INSERT INTO "StoreLocations" VALUES(60,4588,'POINT(-96.419074 42.503495)');
INSERT INTO "StoreLocations" VALUES(61,5393,'POINT(-92.817696 43.28407)');
INSERT INTO "StoreLocations" VALUES(62,4828,'POINT(-92.896215 42.049237)');
INSERT INTO "StoreLocations" VALUES(63,4674,'POINT(-93.585891 42.009586)');
INSERT INTO "StoreLocations" VALUES(64,4523,'POINT(-94.879847 41.591142)');
INSERT INTO "StoreLocations" VALUES(65,2568,'POINT(-91.650755 41.988967)');
INSERT INTO "StoreLocations" VALUES(66,3889,'POINT(-92.478899 42.700321)');
INSERT INTO "StoreLocations" VALUES(67,5300,'POINT(-92.418553 41.009435)');
INSERT INTO "StoreLocations" VALUES(68,5726,'POINT(-92.037532 42.168297)');
INSERT INTO "StoreLocations" VALUES(69,3663,'POINT(-92.330801 42.460238)');
INSERT INTO "StoreLocations" VALUES(70,4782,'POINT(-93.92909 40.62366)');
INSERT INTO "StoreLocations" VALUES(71,2507,'POINT(-91.110752 40.801889)');
INSERT INTO "StoreLocations" VALUES(72,3390,'POINT(-95.149955 43.331525)');
INSERT INTO "StoreLocations" VALUES(73,5350,'POINT(-91.621476 42.033645)');
INSERT INTO "StoreLocations" VALUES(74,5296,'POINT(-93.831461 42.469524)');
INSERT INTO "StoreLocations" VALUES(75,5619,'POINT(-92.257902 42.469069)');
INSERT INTO "StoreLocations" VALUES(76,3618,'POINT(-91.718042 41.949215)');
INSERT INTO "StoreLocations" VALUES(77,4315,'POINT(-91.692985 41.301967)');
INSERT INTO "StoreLocations" VALUES(78,2505,'POINT(-93.876107 42.063831)');
INSERT INTO "StoreLocations" VALUES(79,4854,'POINT(-94.483108 43.39274)');
INSERT INTO "StoreLocations" VALUES(80,5513,'POINT(-92.432517 41.007272)');
INSERT INTO "StoreLocations" VALUES(81,6283,'POINT(-94.87861 42.075224)');
INSERT INTO "StoreLocations" VALUES(82,2585,'POINT(-94.235955 43.08091)');
INSERT INTO "StoreLocations" VALUES(83,3831,'POINT(-93.815365 41.87894)');
INSERT INTO "StoreLocations" VALUES(84,2518,'POINT(-95.83539 41.279189)');
INSERT INTO "StoreLocations" VALUES(85,5190,'POINT(-91.828571 41.881821)');
INSERT INTO "StoreLocations" VALUES(86,4730,'POINT(-93.697684 41.673355)');
INSERT INTO "StoreLocations" VALUES(87,5581,'POINT(-92.076463 41.51122)');
INSERT INTO "StoreLocations" VALUES(88,5236,'POINT(-91.290834 42.108203)');
INSERT INTO "StoreLocations" VALUES(89,5458,'POINT(-96.234214 43.279316)');
INSERT INTO "StoreLocations" VALUES(90,2573,'POINT(-91.035301 41.450849)');
INSERT INTO "StoreLocations" VALUES(91,2593,'POINT(-94.853591 42.064155)');
INSERT INTO "StoreLocations" VALUES(92,2635,'POINT(-90.513769 41.574973)');
INSERT INTO "StoreLocations" VALUES(93,2575,'POINT(-92.376624 42.471767)');
INSERT INTO "StoreLocations" VALUES(94,3877,'POINT(-93.699818 41.62953)');
INSERT INTO "StoreLocations" VALUES(95,2673,'POINT(-93.622454 41.584842)');
INSERT INTO "StoreLocations" VALUES(96,6242,'POINT(-93.809473 41.563571)');
INSERT INTO "StoreLocations" VALUES(97,2190,'POINT(-93.619788 41.605706)');
INSERT INTO "StoreLocations" VALUES(98,3944,'POINT(-90.737821 42.515289)');
INSERT INTO "StoreLocations" VALUES(99,3420,'POINT(-93.718027 41.599172)');
INSERT INTO "StoreLocations" VALUES(100,4829,'POINT(-93.61374 41.605828)');
INSERT INTO "StoreLocations" VALUES(101,2666,'POINT(-93.621824 41.705188)');
INSERT INTO "StoreLocations" VALUES(102,3385,'POINT(-91.67969 42.031819)');
INSERT INTO "StoreLocations" VALUES(103,2626,'POINT(-93.673222 41.600361)');
INSERT INTO "StoreLocations" VALUES(104,2633,'POINT(-93.596754 41.554101)');
INSERT INTO "StoreLocations" VALUES(105,4829,'POINT(-93.613739 41.60572)');
INSERT INTO "StoreLocations" VALUES(106,3790,'POINT(-91.539034 40.978416)');
INSERT INTO "StoreLocations" VALUES(107,2512,'POINT(-91.530463 41.642764)');
INSERT INTO "StoreLocations" VALUES(108,3773,'POINT(-91.659875 41.97574)');
INSERT INTO "StoreLocations" VALUES(109,4161,'POINT(-91.575636 41.650842)');
INSERT INTO "StoreLocations" VALUES(110,3443,'POINT(-95.836515 41.270824)');
INSERT INTO "StoreLocations" VALUES(111,2603,'POINT(-90.483753 41.552389)');
INSERT INTO "StoreLocations" VALUES(112,5077,'POINT(-95.867459 41.27737)');
INSERT INTO "StoreLocations" VALUES(113,2650,'POINT(-95.339881 41.650658)');
INSERT INTO "StoreLocations" VALUES(114,2595,'POINT(-95.348601 42.012395)');
INSERT INTO "StoreLocations" VALUES(115,2651,'POINT(-92.475403 42.712263)');
INSERT INTO "StoreLocations" VALUES(116,4200,'POINT(-96.373252 42.538578)');
INSERT INTO "StoreLocations" VALUES(117,2614,'POINT(-90.548919 41.556781)');
INSERT INTO "StoreLocations" VALUES(118,4129,'POINT(-93.618911 42.022854)');
INSERT INTO "StoreLocations" VALUES(119,2618,'POINT(-91.63913 42.04671)');
INSERT INTO "StoreLocations" VALUES(120,2517,'POINT(-93.034296 41.69916)');
INSERT INTO "StoreLocations" VALUES(121,2544,'POINT(-92.912817 42.039205)');
INSERT INTO "StoreLocations" VALUES(122,4997,'POINT(-93.62452 41.585651)');
INSERT INTO "StoreLocations" VALUES(123,4876,'POINT(-91.672961 42.044452)');
INSERT INTO "StoreLocations" VALUES(124,4180,'POINT(-91.605094 42.033366)');
INSERT INTO "StoreLocations" VALUES(125,2509,'POINT(-91.67706 41.962419)');
INSERT INTO "StoreLocations" VALUES(126,5482,'POINT(-90.576054 41.522413)');
INSERT INTO "StoreLocations" VALUES(127,4795,'POINT(-93.568668 41.627702)');
INSERT INTO "StoreLocations" VALUES(128,4660,'POINT(-91.642557 41.977226)');
INSERT INTO "StoreLocations" VALUES(129,4720,'POINT(-93.293312 41.005258)');
INSERT INTO "StoreLocations" VALUES(130,5462,'POINT(-91.680323 41.977958)');
INSERT INTO "StoreLocations" VALUES(131,2558,'POINT(-91.52888 40.962331)');
INSERT INTO "StoreLocations" VALUES(132,3757,'POINT(-96.37287 42.530454)');
INSERT INTO "StoreLocations" VALUES(133,4236,'POINT(-93.903801 42.665165)');
INSERT INTO "StoreLocations" VALUES(134,2191,'POINT(-91.387797 40.400038)');
INSERT INTO "StoreLocations" VALUES(135,2623,'POINT(-96.417783 42.519886)');
INSERT INTO "StoreLocations" VALUES(136,3494,'POINT(-92.353103 42.456374)');
INSERT INTO "StoreLocations" VALUES(137,2642,'POINT(-92.899277 41.396961)');
INSERT INTO "StoreLocations" VALUES(138,9002,'POINT(-90.343594 41.599733)');
INSERT INTO "StoreLocations" VALUES(139,2573,'POINT(-91.035138 41.451349)');
INSERT INTO "StoreLocations" VALUES(140,4971,'POINT(-93.505732 41.599274)');
INSERT INTO "StoreLocations" VALUES(141,5230,'POINT(-91.663629 42.01133)');
INSERT INTO "StoreLocations" VALUES(142,2663,'POINT(-93.739105 41.629364)');
INSERT INTO "StoreLocations" VALUES(143,2587,'POINT(-93.697731 41.665172)');
INSERT INTO "StoreLocations" VALUES(144,3670,'POINT(-91.610774 41.695806)');
INSERT INTO "StoreLocations" VALUES(145,3805,'POINT(-90.596253 41.535982)');
INSERT INTO "StoreLocations" VALUES(146,5327,'POINT(-95.903766 41.261908)');
INSERT INTO "StoreLocations" VALUES(147,5691,'POINT(-92.337744 42.510453)');
INSERT INTO "StoreLocations" VALUES(148,5415,'POINT(-92.3272 42.494092)');
INSERT INTO "StoreLocations" VALUES(149,5431,'POINT(-96.171858 42.793075)');
INSERT INTO "StoreLocations" VALUES(150,5934,'POINT(-91.530225 41.656031)');
INSERT INTO "StoreLocations" VALUES(151,5740,'POINT(-93.107862 41.320744)');
INSERT INTO "StoreLocations" VALUES(152,3899,'POINT(-93.795512 41.558107)');
INSERT INTO "StoreLocations" VALUES(153,2512,'POINT(-91.530439 41.642724)');
INSERT INTO "StoreLocations" VALUES(154,2648,'POINT(-93.77358 41.561217)');
INSERT INTO "StoreLocations" VALUES(155,3354,'POINT(-90.527081 41.559731)');
INSERT INTO "StoreLocations" VALUES(156,2572,'POINT(-92.435236 42.512789)');
INSERT INTO "StoreLocations" VALUES(157,4988,'POINT(-92.429331 42.512766)');
INSERT INTO "StoreLocations" VALUES(158,4988,'POINT(-92.429644 42.512762)');
INSERT INTO "StoreLocations" VALUES(159,5722,'POINT(-93.058352 41.690355)');
INSERT INTO "StoreLocations" VALUES(160,2515,'POINT(-93.235588 43.148451)');
INSERT INTO "StoreLocations" VALUES(161,5624,'POINT(-90.758554 42.510488)');
INSERT INTO "StoreLocations" VALUES(162,2552,'POINT(-91.658576 41.955859)');
INSERT INTO "StoreLocations" VALUES(163,5849,'POINT(-95.889605 41.216413)');
INSERT INTO "StoreLocations" VALUES(164,6027,'POINT(-92.628767 41.154584)');
INSERT INTO "StoreLocations" VALUES(165,5926,'POINT(-91.534512 41.641762)');
INSERT INTO "StoreLocations" VALUES(166,2501,'POINT(-93.619455 42.022848)');
INSERT INTO "StoreLocations" VALUES(167,5028,'POINT(-95.186938 42.644563)');
INSERT INTO "StoreLocations" VALUES(168,5660,'POINT(-90.670151 42.5116)');
INSERT INTO "StoreLocations" VALUES(169,4503,'POINT(-95.617322 41.232472)');
INSERT INTO "StoreLocations" VALUES(170,4929,'POINT(-94.018348 41.614408)');
INSERT INTO "StoreLocations" VALUES(171,5226,'POINT(-90.589149 41.521586)');
INSERT INTO "StoreLocations" VALUES(172,3592,'POINT(-94.153456 42.505334)');
INSERT INTO "StoreLocations" VALUES(173,4664,'POINT(-93.880068 42.067645)');
INSERT INTO "StoreLocations" VALUES(174,3942,'POINT(-92.579446 41.985985)');
INSERT INTO "StoreLocations" VALUES(175,4500,'POINT(-91.636952 41.751925)');
INSERT INTO "StoreLocations" VALUES(176,4338,'POINT(-93.100117 41.953843)');
INSERT INTO "StoreLocations" VALUES(177,5176,'POINT(-91.715903 41.97805)');
INSERT INTO "StoreLocations" VALUES(178,4657,'POINT(-92.925287 42.43855)');
INSERT INTO "StoreLocations" VALUES(179,5040,'POINT(-91.034817 41.589962)');
INSERT INTO "StoreLocations" VALUES(180,2606,'POINT(-94.227116 42.733221)');
INSERT INTO "StoreLocations" VALUES(181,3990,'POINT(-92.648153 41.296228)');
INSERT INTO "StoreLocations" VALUES(182,2601,'POINT(-91.978702 41.006456)');
INSERT INTO "StoreLocations" VALUES(183,5737,'POINT(-90.834314 42.073361)');
INSERT INTO "StoreLocations" VALUES(184,5075,'POINT(-92.651525 41.468516)');
INSERT INTO "StoreLocations" VALUES(185,5446,'POINT(-96.294824 43.200164)');
INSERT INTO "StoreLocations" VALUES(186,4777,'POINT(-95.68472 42.982805)');
INSERT INTO "StoreLocations" VALUES(187,4774,'POINT(-94.822033 43.402229)');
INSERT INTO "StoreLocations" VALUES(188,5633,'POINT(-92.631487 41.296286)');
INSERT INTO "StoreLocations" VALUES(189,5597,'POINT(-90.66784 42.50649)');
INSERT INTO "StoreLocations" VALUES(190,3952,'POINT(-90.48065 41.529655)');
INSERT INTO "StoreLocations" VALUES(191,4453,'POINT(-93.637202 43.248981)');
INSERT INTO "StoreLocations" VALUES(192,5428,'POINT(-91.553516 41.977177)');
INSERT INTO "StoreLocations" VALUES(193,4817,'POINT(-93.086255 41.318981)');
INSERT INTO "StoreLocations" VALUES(194,5339,'POINT(-92.074374 41.792953)');
INSERT INTO "StoreLocations" VALUES(195,5988,'POINT(-92.727347 41.73523)');
INSERT INTO "StoreLocations" VALUES(196,4823,'POINT(-94.372568 41.066824)');
INSERT INTO "StoreLocations" VALUES(197,5870,'POINT(-91.574095 41.671543)');
INSERT INTO "StoreLocations" VALUES(198,4566,'POINT(-91.658073 41.923446)');
INSERT INTO "StoreLocations" VALUES(199,4517,'POINT(-91.635028 42.013063)');
INSERT INTO "StoreLocations" VALUES(200,4605,'POINT(-91.624929 42.032437)');
INSERT INTO "StoreLocations" VALUES(201,5646,'POINT(-91.655473 41.921351)');
INSERT INTO "StoreLocations" VALUES(202,5572,'POINT(-91.641223 42.046733)');
INSERT INTO "StoreLocations" VALUES(203,5539,'POINT(-93.652641 41.680392)');
INSERT INTO "StoreLocations" VALUES(204,5783,'POINT(-91.361802 40.624094)');
INSERT INTO "StoreLocations" VALUES(205,5935,'POINT(-93.756964 41.632801)');
INSERT INTO "StoreLocations" VALUES(206,4077,'POINT(-92.334641 42.501602)');
INSERT INTO "StoreLocations" VALUES(207,5126,'POINT(-93.697647 41.637408)');
INSERT INTO "StoreLocations" VALUES(208,4819,'POINT(-93.494642 41.65854)');
INSERT INTO "StoreLocations" VALUES(209,4910,'POINT(-92.322988 42.47658)');
INSERT INTO "StoreLocations" VALUES(210,2696,'POINT(-93.600993 41.526276)');
INSERT INTO "StoreLocations" VALUES(211,5096,'POINT(-91.606273 41.752793)');
INSERT INTO "StoreLocations" VALUES(212,5716,'POINT(-90.498167 41.575178)');
INSERT INTO "StoreLocations" VALUES(213,4728,'POINT(-91.502717 41.649538)');
INSERT INTO "StoreLocations" VALUES(214,4715,'POINT(-93.731469 41.571398)');
INSERT INTO "StoreLocations" VALUES(215,4501,'POINT(-91.981752 41.006447)');
INSERT INTO "StoreLocations" VALUES(216,4767,'POINT(-93.600659 41.687793)');
INSERT INTO "StoreLocations" VALUES(217,4982,'POINT(-95.303734 42.675619)');
INSERT INTO "StoreLocations" VALUES(218,4736,'POINT(-91.596312 42.033295)');
INSERT INTO "StoreLocations" VALUES(219,4591,'POINT(-94.194823 42.504085)');
INSERT INTO "StoreLocations" VALUES(220,4491,'POINT(-91.619027 41.976807)');
INSERT INTO "StoreLocations" VALUES(221,4604,'POINT(-93.035654 41.699173)');
INSERT INTO "StoreLocations" VALUES(222,4369,'POINT(-93.674051 41.494857)');
INSERT INTO "StoreLocations" VALUES(223,5583,'POINT(-91.195863 41.185676)');
INSERT INTO "StoreLocations" VALUES(224,6116,'POINT(-92.407111 42.505909)');
INSERT INTO "StoreLocations" VALUES(225,5780,'POINT(-92.420894 42.509791)');
INSERT INTO "StoreLocations" VALUES(226,4938,'POINT(-91.905522 42.615596)');
INSERT INTO "StoreLocations" VALUES(227,5280,'POINT(-93.201072 43.133204)');
INSERT INTO "StoreLocations" VALUES(228,5302,'POINT(-93.616821 42.84535)');
INSERT INTO "StoreLocations" VALUES(229,2521,'POINT(-93.73162 41.571127)');
INSERT INTO "StoreLocations" VALUES(230,5041,'POINT(-92.52723 41.58587)');
INSERT INTO "StoreLocations" VALUES(231,4228,'POINT(-92.025603 42.166166)');
INSERT INTO "StoreLocations" VALUES(232,2553,'POINT(-94.372552 41.051462)');
INSERT INTO "StoreLocations" VALUES(233,4131,'POINT(-93.734312 41.643829)');
INSERT INTO "StoreLocations" VALUES(234,5301,'POINT(-92.409169 41.051858)');
INSERT INTO "StoreLocations" VALUES(235,5389,'POINT(-92.125702 43.371147)');
INSERT INTO "StoreLocations" VALUES(236,4373,'POINT(-93.809458 41.567246)');
INSERT INTO "StoreLocations" VALUES(237,5186,'POINT(-91.806405 42.964219)');
INSERT INTO "StoreLocations" VALUES(238,4157,'POINT(-91.608385 41.741097)');
INSERT INTO "StoreLocations" VALUES(239,5605,'POINT(-92.317835 43.065235)');
INSERT INTO "StoreLocations" VALUES(240,4805,'POINT(-94.186138 42.506332)');
INSERT INTO "StoreLocations" VALUES(241,4968,'POINT(-92.445853 41.7301)');
INSERT INTO "StoreLocations" VALUES(242,4405,'POINT(-93.58166 41.731869)');
INSERT INTO "StoreLocations" VALUES(243,2613,'POINT(-95.879662 41.261925)');
INSERT INTO "StoreLocations" VALUES(244,3830,'POINT(-94.372786 41.047714)');
INSERT INTO "StoreLocations" VALUES(245,3888,'POINT(-92.730259 41.720919)');
INSERT INTO "StoreLocations" VALUES(246,3562,'POINT(-91.158407 40.813125)');
INSERT INTO "StoreLocations" VALUES(247,4027,'POINT(-92.867849 40.70856)');
INSERT INTO "StoreLocations" VALUES(248,4004,'POINT(-93.610343 42.017115)');
INSERT INTO "StoreLocations" VALUES(249,3859,'POINT(-91.892924 42.450709)');
INSERT INTO "StoreLocations" VALUES(250,3811,'POINT(-91.407263 40.418589)');
INSERT INTO "StoreLocations" VALUES(251,3949,'POINT(-92.934358 41.410511)');
INSERT INTO "StoreLocations" VALUES(252,4382,'POINT(-93.71325 41.590709)');
INSERT INTO "StoreLocations" VALUES(253,2611,'POINT(-92.401538 41.026754)');
INSERT INTO "StoreLocations" VALUES(254,5964,'POINT(-93.308367 41.017872)');
INSERT INTO "StoreLocations" VALUES(255,5444,'POINT(-92.908013 42.050021)');
INSERT INTO "StoreLocations" VALUES(256,5198,'POINT(-90.561741 41.524926)');
CREATE TABLE Stores (
    store_number INTEGER PRIMARY KEY,
    store_name TEXT,
    address TEXT,
    city TEXT,
    zip_code TEXT,
    store_location TEXT,
    county_number INTEGER,
    county TEXT
);
INSERT INTO "Stores" VALUES(2106,'HILLSTREET NEWS AND TOBACCO','2217 COLLEGE','CEDAR FALLS','50613','POINT(-92.455796 42.517182)',7,'BLACK HAWK');
INSERT INTO "Stores" VALUES(2130,'SYCAMORE CONVENIENCE','617 SYCAMORE','WATERLOO','50703.0','POINT(-92.335358 42.497854)',7,'BLACK HAWK');
INSERT INTO "Stores" VALUES(2190,'CENTRAL CITY LIQUOR, INC.','1460 2ND AVE','DES MOINES','50314.0','POINT(-93.619788 41.605706)',77,'POLK');
INSERT INTO "Stores" VALUES(2191,'KEOKUK SPIRITS','1013 MAIN','KEOKUK','52632.0','POINT(-91.387797 40.400038)',56,'LEE');
INSERT INTO "Stores" VALUES(2501,'HY-VEE  #2 / AMES','640 LINCOLNWAY','AMES','50010','POINT(-93.619455 42.022848)',85,'STORY');
INSERT INTO "Stores" VALUES(2505,'HY-VEE WINE AND SPIRITS / BOONE','1111  8TH ST','BOONE','50036.0','POINT(-93.876107 42.063831)',8,'BOONE');
INSERT INTO "Stores" VALUES(2506,'HY-VEE #1044 / BURLINGTON','3140 AGENCY','BURLINGTON','52601','POINT(-91.136655 40.814666)',29,'DES MOINES');
INSERT INTO "Stores" VALUES(2507,'HY-VEE FOOD STORE #1 / BURLINGTON','939 ANGULAR','BURLINGTON','52601.0','POINT(-91.110752 40.801889)',29,'DES MOINES');
INSERT INTO "Stores" VALUES(2509,'HY-VEE / DRUGTOWN #1 / CEDAR RAPIDS','1520 6TH ST SW','CEDAR RAPIDS','52404.0','POINT(-91.67706 41.962419)',57,'LINN');
INSERT INTO "Stores" VALUES(2512,'HY-VEE WINE AND SPIRITS / IOWA CITY','1720 WATERFRONT DR','IOWA CITY','52240.0','POINT(-91.530463 41.642764)',52,'JOHNSON');
INSERT INTO "Stores" VALUES(2515,'HY-VEE FOOD STORE #1 / MASON CITY','2400 4TH ST SW','MASON CITY','50401.0','POINT(-93.235588 43.148451)',17,'CERRO GORDO');
INSERT INTO "Stores" VALUES(2517,'HY-VEE FOOD STORE #1 / NEWTON','1501 FIRST AVENUE EAST','NEWTON','50208.0','POINT(-93.034296 41.69916)',50,'JASPER');
INSERT INTO "Stores" VALUES(2518,'HY-VEE WINE AND SPIRITS / RED OAK','1607 NORTH BROADWAY','RED OAK','51566.0','POINT(-95.83539 41.279189)',69,'MONTGOMERY');
INSERT INTO "Stores" VALUES(2521,'HY-VEE FOOD AND DRUG / GRAND / WDM','1990 GRAND AVENUE','WEST DES MOINES','50265.0','POINT(-93.73162 41.571127)',77,'POLK');
INSERT INTO "Stores" VALUES(2527,'HY-VEE FOOD STORE #5 / DES MOINES','1107 SE ARMY POST RD','DES MOINES','50315.0','POINT(-93.602372 41.526289)',77,'POLK');
INSERT INTO "Stores" VALUES(2536,'HY-VEE / PLEASANT HILL','4815 MAPLE DRIVE','PLEASANT HILL','50317.0','POINT(-93.519187 41.598109)',77,'POLK');
INSERT INTO "Stores" VALUES(2544,'HY-VEE FOOD STORE / MARSHALLTOWN','802 SOUTH CENTER','MARSHALLTOWN','50158.0','POINT(-92.912817 42.039205)',64,'MARSHALL');
INSERT INTO "Stores" VALUES(2548,'HY-VEE FOOD STORE / ALTOONA','100 8TH STREET SW','ALTOONA','50009.0','POINT(-93.465301 41.644041)',77,'POLK');
INSERT INTO "Stores" VALUES(2550,'HY-VEE FOOD STORE / OSCEOLA','510 WEST MCLANE','OSCEOLA','50213','POINT(-93.77321 41.030569)',20,'CLARKE');
INSERT INTO "Stores" VALUES(2552,'HY-VEE FOOD STORE #3 / CEDAR RAPIDS','20 WILSON AVENUE WEST','CEDAR RAPIDS','52404','POINT(-91.658576 41.955859)',57,'LINN');
INSERT INTO "Stores" VALUES(2553,'HY-VEE FOOD STORE / CRESTON','600 SHELDON','CRESTON','50801.0','POINT(-94.372552 41.051462)',88,'UNION');
INSERT INTO "Stores" VALUES(2555,'HY-VEE FOOD STORE / KEOKUK','3111 MAIN','KEOKUK','52632.0','POINT(-91.403673 40.415303)',56,'LEE');
INSERT INTO "Stores" VALUES(2558,'HY-VEE FOOD STORE / MOUNT PLEASANT','1700 E WASHINGTON','MOUNT PLEASANT','52641.0','POINT(-91.52888 40.962331)',44,'HENRY');
INSERT INTO "Stores" VALUES(2568,'HY-VEE FOOD STORE #4 / CEDAR RAPIDS','1556 FIRST AVENUE NE','CEDAR RAPIDS','52402','POINT(-91.650755 41.988967)',57,'LINN');
INSERT INTO "Stores" VALUES(2572,'HY-VEE FOOD STORE / CEDAR FALLS','6301 UNIVERSITY','CEDAR FALLS','50613.0','POINT(-92.435236 42.512789)',7,'BLACK HAWK');
INSERT INTO "Stores" VALUES(2573,'HY-VEE FOOD STORE / MUSCATINE','2400 2ND AVE','MUSCATINE','52761','POINT(-91.035301 41.450849)',70,'MUSCATINE');
INSERT INTO "Stores" VALUES(2575,'HY-VEE FOOD STORE #1 / WATERLOO','2834 ANSBOROUGH AVE','WATERLOO','50702.0','POINT(-92.376624 42.471767)',7,'BLACK HAWK');
INSERT INTO "Stores" VALUES(2585,'HY-VEE WINE AND SPIRITS / ALGONA','1502 HIGHWAY 169 N SUITE 1','ALGONA','50511.0','POINT(-94.235955 43.08091)',55,'KOSSUTH');
INSERT INTO "Stores" VALUES(2587,'HY-VEE FOOD STORE / JOHNSTON','5750 MERLE HAY ROAD','JOHNSTON','50131.0','POINT(-93.697731 41.665172)',77,'POLK');
INSERT INTO "Stores" VALUES(2593,'HY-VEE FOOD STORE / CARROLL','905 US HIGHWAY 30 WEST','CARROLL','51401.0','POINT(-94.853591 42.064155)',14,'CARROLL');
INSERT INTO "Stores" VALUES(2594,'HY-VEE FOOD STORE / SIOUX CITY','4500 SERGEANT ROAD','SIOUX CITY','51106.0','POINT(-96.346969 42.447396)',97,'WOODBURY');
INSERT INTO "Stores" VALUES(2595,'HY-VEE WINE AND SPIRITS / DENISON','1620  4TH AVE, SOUTH','DENISON','51442.0','POINT(-95.348601 42.012395)',24,'CRAWFORD');
INSERT INTO "Stores" VALUES(2601,'HY-VEE FOOD STORE / FAIRFIELD','1300 WEST BURLINGTON AVE','FAIRFIELD','52556.0','POINT(-91.978702 41.006456)',51,'JEFFERSON');
INSERT INTO "Stores" VALUES(2603,'HY-VEE WINE AND SPIRITS / BETTENDORF','2890 DEVILS GLEN ROAD','BETTENDORF','52722.0','POINT(-90.483701 41.552338)',82,'SCOTT');
INSERT INTO "Stores" VALUES(2606,'HY-VEE WINE AND SPIRITS / HUMBOLDT','1011  13TH ST NORTH','HUMBOLDT','50548','POINT(-94.227116 42.733221)',46,'HUMBOLDT');
INSERT INTO "Stores" VALUES(2611,'HY-VEE DRUGSTORE / OTTUMWA','1140 NORTH JEFFERSON ST','OTTUMWA','52501.0','POINT(-92.401538 41.026754)',90,'WAPELLO');
INSERT INTO "Stores" VALUES(2613,'HY-VEE FOOD STORE #1 / COUNCIL BLUFFS','2323 W BROADWAY','COUNCIL BLUFFS','51501','POINT(-95.879662 41.261925)',78,'POTTAWATTAMIE');
INSERT INTO "Stores" VALUES(2614,'HY-VEE #3 FOOD & DRUGSTORE / DAVENPORT','1823 E KIMBERLY RD','DAVENPORT','52807.0','POINT(-90.548919 41.556781)',82,'SCOTT');
INSERT INTO "Stores" VALUES(2618,'HY-VEE DRUGSTORE #6 / CEDAR RAPIDS','505 BOYSON RD NE','CEDAR RAPIDS','52402.0','POINT(-91.63913 42.04671)',57,'LINN');
INSERT INTO "Stores" VALUES(2619,'HY-VEE WINE AND SPIRITS / WDM','1725  74TH ST','WEST DES MOINES','50266','POINT(-93.808855 41.598515)',77,'POLK');
INSERT INTO "Stores" VALUES(2621,'HY-VEE FOOD STORE #3 / SIOUX CITY','3301 GORDON DR','SIOUX CITY','51105.0','POINT(-96.364108 42.487752)',97,'WOODBURY');
INSERT INTO "Stores" VALUES(2623,'HY-VEE FOOD STORE #4 / SIOUX CITY','2827 HAMILTON BLVD','SIOUX CITY','51104','POINT(-96.417783 42.519886)',97,'WOODBURY');
INSERT INTO "Stores" VALUES(2626,'HY-VEE DRUGSTORE / UNIVERSITY / DSM','4100 UNIVERSITY AVE','DES MOINES','50311.0','POINT(-93.673222 41.600361)',77,'POLK');
INSERT INTO "Stores" VALUES(2629,'HY-VEE FOOD STORE #2 / COUNCIL BLUFFS','1745 MADISON AVE','COUNCIL BLUFFS','51503.0','POINT(-95.825137 41.242732)',78,'POTTAWATTAMIE');
INSERT INTO "Stores" VALUES(2633,'HY-VEE #3 / BDI / DES MOINES','3221 SE 14TH ST','DES MOINES','50320','POINT(-93.596754 41.554101)',77,'POLK');
INSERT INTO "Stores" VALUES(2635,'HY-VEE #4 / DAVENPORT','4064 E 53RD ST','DAVENPORT','52807.0','POINT(-90.513769 41.574973)',82,'SCOTT');
INSERT INTO "Stores" VALUES(2642,'HY-VEE WINE AND SPIRITS / PELLA','512 E OSKALOOSA','PELLA','50219.0','POINT(-92.899277 41.396961)',63,'MARION');
INSERT INTO "Stores" VALUES(2647,'HY-VEE #7 / CEDAR RAPIDS','5050 EDGEWOOD RD','CEDAR RAPIDS','52411.0','POINT(-91.701581 42.030129)',57,'LINN');
INSERT INTO "Stores" VALUES(2648,'HY-VEE #4 / WDM','555 S 51ST ST','WEST DES MOINES','50265.0','POINT(-93.773557 41.561197)',77,'POLK');
INSERT INTO "Stores" VALUES(2650,'HY-VEE WINE AND SPIRITS / HARLAN','1808 23RD ST','HARLAN','51537','POINT(-95.339881 41.650658)',83,'SHELBY');
INSERT INTO "Stores" VALUES(2651,'HY-VEE / WAVERLY','1311 4 STREET SW','WAVERLY','50677.0','POINT(-92.475403 42.712263)',9,'BREMER');
INSERT INTO "Stores" VALUES(2663,'HY-VEE FOOD STORE / URBANDALE','8701 DOUGLAS','URBANDALE','50322.0','POINT(-93.739105 41.629364)',77,'POLK');
INSERT INTO "Stores" VALUES(2665,'HY-VEE / WAUKEE','1005 E HICKMAN RD','WAUKEE','50263','POINT(-93.854477 41.615059)',25,'DALLAS');
INSERT INTO "Stores" VALUES(2666,'HY-VEE FOOD STORE #2 / STATE ANKENY','2510 SW STATE ST','ANKENY','50023.0','POINT(-93.621928 41.705447)',77,'POLK');
INSERT INTO "Stores" VALUES(2673,'HY-VEE # 6/ DES MOINES','420 COURT AVE','DES MOINES','50309.0','POINT(-93.622454 41.584842)',77,'POLK');
INSERT INTO "Stores" VALUES(2675,'HY-VEE #2 / CORALVILLE','3285 CROSSPARK RD','CORALVILLE','52241','POINT(-91.606271 41.721438)',52,'JOHNSON');
INSERT INTO "Stores" VALUES(2696,'HY-VEE C-STORE / SE ARMY POST','1113 SE ARMY POST RD','DES MOINES','50315.0','POINT(-93.600993 41.526276)',77,'POLK');
INSERT INTO "Stores" VALUES(3354,'SAM''S CLUB 8238 / DAVENPORT','3845 ELMORE AVE.','DAVENPORT','52807','POINT(-90.527081 41.559731)',82,'SCOTT');
INSERT INTO "Stores" VALUES(3385,'SAM''S CLUB 8162 / CEDAR RAPIDS','2605 BLAIRS FERRY RD NE','CEDAR RAPIDS','52402.0','POINT(-91.67969 42.031819)',57,'LINN');
INSERT INTO "Stores" VALUES(3390,'OKOBOJI AVENUE LIQUOR','1610 OKOBOJI AVENUE','MILFORD','51351','POINT(-95.149955 43.331525)',30,'DICKINSON');
INSERT INTO "Stores" VALUES(3420,'SAM''S CLUB 6344 / WINDSOR HEIGHTS','1101  73RD ST','WINDSOR HEIGHTS','50311.0','POINT(-93.718027 41.599172)',77,'POLK');
INSERT INTO "Stores" VALUES(3443,'SUPER SAVER IV','1141 N BROADWAY','COUNCIL BLUFFS','51503.0','POINT(-95.836515 41.270824)',78,'POTTAWATTAMIE');
INSERT INTO "Stores" VALUES(3456,'QUICK SHOP / CLEAR LAKE','904 N 8TH ST','CLEARLAKE','50428.0','POINT(-93.378772 43.142868)',17,'CERRO GORDO');
INSERT INTO "Stores" VALUES(3494,'SAM''S CLUB 6514 / WATERLOO','210 EAST TOWER PARK DR','WATERLOO','50702.0','POINT(-92.353103 42.456374)',7,'BLACK HAWK');
INSERT INTO "Stores" VALUES(3562,'WAL-MART 0797 / W BURLINGTON','324 WEST AGENCY RD','WEST BURLINGTON','52655.0','POINT(-91.158407 40.813125)',29,'DES MOINES');
INSERT INTO "Stores" VALUES(3592,'WAL-MART 0886 / FORT DODGE','3036 1ST AVE SOUTH','FORT DODGE','50501.0','POINT(-94.153456 42.505334)',42,'HARDIN');
INSERT INTO "Stores" VALUES(3618,'WAL-MART 2716 / CEDAR RAPIDS','3601 29TH AVE SW','CEDAR RAPIDS','52404','POINT(-91.718042 41.949215)',57,'LINN');
INSERT INTO "Stores" VALUES(3622,'WAL-MART 1415 / SPIRIT LAKE','2600 HWY 71','SPIRIT LAKE','51360.0','POINT(-95.126535 43.416452)',30,'DICKINSON');
INSERT INTO "Stores" VALUES(3625,'WAL-MART 0892 / ANKENY','1002 SE NATIONAL DR','ANKENY','50021.0','POINT(-93.582348 41.704864)',77,'POLK');
INSERT INTO "Stores" VALUES(3663,'WAL-MART 1496 / WATERLOO','1334 FLAMMANG DR','WATERLOO','50702.0','POINT(-92.330801 42.460238)',7,'BLACK HAWK');
INSERT INTO "Stores" VALUES(3670,'WAL-MART 2827 / CORALVILLE','2801 COMMERCE DR','CORALVILLE','52241.0','POINT(-91.610774 41.695806)',52,'JOHNSON');
INSERT INTO "Stores" VALUES(3731,'WAL-MART 1241 / DAVENPORT','5811 ELMORE AVE','DAVENPORT','52807.0','POINT(-90.525525 41.580212)',82,'SCOTT');
INSERT INTO "Stores" VALUES(3742,'WAL-MART 1625 / LEMARS','1111 HOLTON DR','LE MARS','51031.0','POINT(-96.185499 42.780675)',75,'PLYMOUTH');
INSERT INTO "Stores" VALUES(3757,'WAL-MART 3590 / SIOUX CITY','3101 FLOYD BLVD','SIOUX CITY','51108.0','POINT(-96.37287 42.530454)',97,'WOODBURY');
INSERT INTO "Stores" VALUES(3769,'WAL-MART 0753 / CEDAR FALL','525 BRANDILYNN BLVD','CEDAR FALLS','50613.0','POINT(-92.440394 42.485042)',7,'BLACK HAWK');
INSERT INTO "Stores" VALUES(3773,'BENZ DISTRIBUTING','501 7TH AVE SE','CEDAR RAPIDS','52401','POINT(-91.659875 41.97574)',57,'LINN');
INSERT INTO "Stores" VALUES(3789,'WAL-MART 1393 / OSKALOOSA','2203 A AVENUE WEST','OSKALOOSA','52577.0','POINT(-92.669924 41.298516)',62,'MAHASKA');
INSERT INTO "Stores" VALUES(3790,'WAL-MART 0784 / MT PLEASAN','1045 N GRAND AVE','MT PLEASANT','52641.0','POINT(-91.539034 40.978416)',44,'HENRY');
INSERT INTO "Stores" VALUES(3805,'WASHINGTON STREET MINI MART','1601 WASHINGTON ST','DAVENPORT','52804.0','POINT(-90.596253 41.535982)',82,'SCOTT');
INSERT INTO "Stores" VALUES(3811,'WAL-MART 1431 / KEOKUK','300 NORTH PARK DR','KEOKUK','52632','POINT(-91.407263 40.418589)',56,'LEE');
INSERT INTO "Stores" VALUES(3830,'WAL-MART 1435 / CRESTON','806 LAUREL ST','CRESTON','50801','POINT(-94.372786 41.047714)',88,'UNION');
INSERT INTO "Stores" VALUES(3831,'THE MARKET OF MADRID','301 ANNEX RD','MADRID','50156','POINT(-93.815365 41.87894)',8,'BOONE');
INSERT INTO "Stores" VALUES(3833,'WAL-MART 3394 / ATLANTIC','1905 EAST 7TH ST','ATLANTIC','50022','POINT(-94.98571 41.403853)',15,'CASS');
INSERT INTO "Stores" VALUES(3859,'WAL-MART 0750 / INDEPENDENCE','302 ENTERPRISE DR SW','INDEPENDENCE','50644.0','POINT(-91.892924 42.450709)',10,'BUCHANAN');
INSERT INTO "Stores" VALUES(3871,'TARGET STORE T-0069 / WDM','1800  35TH ST','WEST DES MOINES','50266.0','POINT(-93.751998 41.598813)',77,'POLK');
INSERT INTO "Stores" VALUES(3877,'TARGET STORE T-2041 / DES MOINES','5901 DOUGLAS AVE','DES MOINES','50322.0','POINT(-93.699818 41.62953)',77,'POLK');
INSERT INTO "Stores" VALUES(3888,'WAL-MART 0647 / GRINNELL','415 INDUSTRIAL AVE','GRINNELL','50112.0','POINT(-92.730259 41.720919)',79,'POWESHIEK');
INSERT INTO "Stores" VALUES(3889,'WAL-MART 1005 / WAVERLY','700  29 ST SW','WAVERLY','50677','POINT(-92.478899 42.700321)',9,'BREMER');
INSERT INTO "Stores" VALUES(3899,'WAL-MART 3762 / WDM','6365 STAGECOACH DR','WEST DES MOINES','50266.0','POINT(-93.795512 41.558107)',77,'POLK');
INSERT INTO "Stores" VALUES(3942,'TWIN TOWN LIQUOR','104 HIGHWAY 30 WEST','TOLEDO','52342.0','POINT(-92.579446 41.985985)',86,'TAMA');
INSERT INTO "Stores" VALUES(3944,'SAM''S CLUB 4973 / DUBUQUE','4400 ASBURY RD','DUBUQUE','52002.0','POINT(-90.737821 42.515289)',31,'DUBUQUE');
INSERT INTO "Stores" VALUES(3949,'WAL-MART 0751 / PELLA','1650 WASHINGTON ST','PELLA','50219.0','POINT(-92.934358 41.410511)',63,'MARION');
INSERT INTO "Stores" VALUES(3952,'LOT-A-SPIRITS','3780 STATE ST','BETTENDORF','52722.0','POINT(-90.48065 41.529655)',82,'SCOTT');
INSERT INTO "Stores" VALUES(3990,'CORK AND BOTTLE / OSKALOOSA','309 A AVE WEST','OSKALOOSA','52577.0','POINT(-92.648153 41.296228)',62,'MAHASKA');
INSERT INTO "Stores" VALUES(3997,'WAL-MART 4606 / OSCEOLA','2400 COLLEGE DR','OSCEOLA','50213.0','POINT(-93.800214 41.024891)',20,'CLARKE');
INSERT INTO "Stores" VALUES(4001,'WAL-MART 1787 / CARROLL','2014 KITTY HAWK AVE','CARROLL','51401.0','POINT(-94.893501 42.081312)',14,'CARROLL');
INSERT INTO "Stores" VALUES(4004,'WAL-MART 4256 / AMES','534 S DUFF AVE','AMES','50010','POINT(-93.610343 42.017115)',85,'STORY');
INSERT INTO "Stores" VALUES(4027,'WAL-MART 1621 / CENTERVILLE','23148 HWY 5','CENTERVILLE','52544.0','POINT(-92.867849 40.70856)',4,'APPANOOSE');
INSERT INTO "Stores" VALUES(4077,'XO FOOD AND LIQUOR','428 FRANKLIN ST','WATERLOO','50703.0','POINT(-92.334641 42.501602)',7,'BLACK HAWK');
INSERT INTO "Stores" VALUES(4091,'FAREWAY STORES #705 / CLEAR LAKE','910 HWY 18 W','CLEAR LAKE','50428','POINT(-93.613385 43.105949)',17,'CERRO GORDO');
INSERT INTO "Stores" VALUES(4129,'CYCLONE LIQUORS','626 LINCOLN WAY','AMES','50010.0','POINT(-93.618911 42.022854)',85,'STORY');
INSERT INTO "Stores" VALUES(4131,'FAREWAY STORES #933 / URBANDALE','8450 MEREDITH DR','URBANDALE','50322','POINT(-93.734312 41.643829)',77,'POLK');
INSERT INTO "Stores" VALUES(4137,'FAREWAY STORES #989 / WAUKEE','200 SE LAUREL ST','WAUKEE','50263.0','POINT(-93.86786 41.614033)',25,'DALLAS');
INSERT INTO "Stores" VALUES(4157,'FAREWAY STORES #993 / NORTH LIBERTY','615 WESTWOOD DR   P.O BOX 96','NORTH LIBERTY','52317.0','POINT(-91.608385 41.741097)',52,'JOHNSON');
INSERT INTO "Stores" VALUES(4161,'FAREWAY STORES #950 / IOWA CITY','2530 WESTWINDS DR','IOWA CITY','52246.0','POINT(-91.575636 41.650842)',52,'JOHNSON');
INSERT INTO "Stores" VALUES(4180,'SMOKIN'' JOE''S #10 TOBACCO AND LIQUOR OUTLET','480 7TH AVE','MARION','52302','POINT(-91.605094 42.033366)',57,'LINN');
INSERT INTO "Stores" VALUES(4182,'FAREWAY STORES #008 / DYERSVILLE','1207  12TH AVE SE','DYERSVILLE','52040.0','POINT(-91.111904 42.475277)',31,'DUBUQUE');
INSERT INTO "Stores" VALUES(4197,'FAREWAY STORES #014 / SERGEANT BLUFF','700  1ST ST','SERGEANT BLUFF','51054.0','POINT(-96.353078 42.400504)',97,'WOODBURY');
INSERT INTO "Stores" VALUES(4200,'FAREWAY STORES #019 / SIOUX CITY','4016 INDIAN HILLS DR','SIOUX CITY','51108','POINT(-96.373252 42.538578)',97,'WOODBURY');
INSERT INTO "Stores" VALUES(4203,'LIQUOR AND TOBACCO OUTLET /','620 W BREMER AVE','WAVERLY','50677.0','POINT(-92.47898 42.725694)',9,'BREMER');
INSERT INTO "Stores" VALUES(4228,'FAREWAY STORES #462 / VINTON','501 A AVE','VINTON','52349.0','POINT(-92.025603 42.166166)',6,'BENTON');
INSERT INTO "Stores" VALUES(4236,'FAREWAY STORES #551 / EAGLE GROVE','205 NW  1ST ST','EAGLE GROVE','50533.0','POINT(-93.903801 42.665165)',99,'WRIGHT');
INSERT INTO "Stores" VALUES(4291,'FAREWAY STORES #597 / CRESTON','105 E ADAMS ST','CRESTON','50801.0','POINT(-94.237509 40.715722)',88,'UNION');
INSERT INTO "Stores" VALUES(4312,'I-80 LIQUOR / COUNCIL BLUFFS','2411 S 24TH ST #1','COUNCIL BLUFFS','51501.0','POINT(-95.8792 41.238092)',78,'POTTAWATTAMIE');
INSERT INTO "Stores" VALUES(4315,'FAREWAY STORES #554 / WASHINGTON','301 NORTH MARION AVE','WASHINGTON','52353.0','POINT(-91.692985 41.301967)',92,'WASHINGTON');
INSERT INTO "Stores" VALUES(4338,'RANDHAWA''S TRAVEL CENTER','1659D MARSHALLTOWN BLVD','MELBOURNE','50162','POINT(-93.100117 41.953843)',64,'MARSHALL');
INSERT INTO "Stores" VALUES(4369,'KUM & GO #28 / NORWALK','2992 SUNSET DR','NORWALK','50211.0','POINT(-93.674051 41.494857)',91,'WARREN');
INSERT INTO "Stores" VALUES(4373,'KUM & GO #74 / WEST DES MOINES','141 S JORDAN CREEK PKWY','WEST DES MOINES','50266.0','POINT(-93.809458 41.567246)',77,'POLK');
INSERT INTO "Stores" VALUES(4382,'KUM & GO #8 / 8TH ST / WDM','1293 8TH ST.','WEST DES MOINES','50265','POINT(-93.71325 41.590709)',77,'POLK');
INSERT INTO "Stores" VALUES(4405,'KUM & GO #92 / ANKENY','1025 E  1ST ST','ANKENY','50021','POINT(-93.58166 41.731869)',77,'POLK');
INSERT INTO "Stores" VALUES(4453,'SID''S GAS AND GROCERIES','1116, HWY 69 SOUTH','FOREST CITY','50436.0','POINT(-93.637202 43.248981)',95,'WINNEBAGO');
INSERT INTO "Stores" VALUES(4472,'QUICK SHOP FOODS / CENTERVILLE','1023 SOUTH MAIN','CENTERVILLE','52544.0','POINT(-92.874182 40.724175)',4,'APPANOOSE');
INSERT INTO "Stores" VALUES(4491,'CASEY''S GENERAL STORE #2772 / CEDAR RAPIDS','3349 MT VERNON RD SE','CEDAR RAPIDS','52403.0','POINT(-91.619027 41.976807)',57,'LINN');
INSERT INTO "Stores" VALUES(4500,'CASEY''S GENERAL STORE #2788 / NORTH LIBERTY','595 N KANSAS AVE','NORTH LIBERTY','52317.0','POINT(-91.636952 41.751925)',52,'JOHNSON');
INSERT INTO "Stores" VALUES(4501,'KUM & GO #134 / FAIRFIELD','1601 W BURLINGTON AVE','FAIRFIELD','52556.0','POINT(-91.981752 41.006447)',51,'JEFFERSON');
INSERT INTO "Stores" VALUES(4503,'CASEY''S GENERAL STORE #38 / TREYNOR','102 W MAIN ST','TREYNOR','51575','POINT(-95.617322 41.232472)',78,'POTTAWATTAMIE');
INSERT INTO "Stores" VALUES(4517,'CASEY''S GENERAL STORE #2767 / CEDAR RAPIDS','3434 1ST AVE NE','CEDAR RAPIDS','52402','POINT(-91.635028 42.013063)',57,'LINN');
INSERT INTO "Stores" VALUES(4523,'CASEY''S GENERAL STORE #2563 / EXIRA','312 W WASHINGTON ST','EXIRA','50076.0','POINT(-94.879847 41.591142)',5,'AUDUBON');
INSERT INTO "Stores" VALUES(4558,'KUM & GO #226 / SIOUX CITY','1373 PIERCE ST','SIOUX CITY','51105','POINT(-96.405013 42.504732)',97,'WOODBURY');
INSERT INTO "Stores" VALUES(4566,'KUM & GO #508 / CEDAR RAPIDS','30 FOUR OAKS DR SW','CEDAR RAPIDS','52404','POINT(-91.658073 41.923446)',57,'LINN');
INSERT INTO "Stores" VALUES(4573,'CASEY''S GENERAL STORE #1330 / HAMBURG','1211 WASHINGTON ST','HAMBURG','51640.0','POINT(-95.654604 40.605217)',36,'FREMONT');
INSERT INTO "Stores" VALUES(4588,'SAM''S MINI MART / SIOUX CITY','923 W 7TH ST','SIOUX CITY','51103.0','POINT(-96.419074 42.503495)',97,'WOODBURY');
INSERT INTO "Stores" VALUES(4591,'CASEY''S GENERAL STORE #3052 / CLARION','222, CENTRAL AVE','CLARION','50525.0','POINT(-94.194823 42.504085)',99,'WRIGHT');
INSERT INTO "Stores" VALUES(4604,'PIT STOP LIQUORS / NEWTON','1324, 1ST AVE E','NEWTON','50208','POINT(-93.035654 41.699173)',50,'JASPER');
INSERT INTO "Stores" VALUES(4605,'KUM & GO #509 / MARION','1203 BLAIRS FERRY RD','MARION','52302','POINT(-91.624929 42.032437)',57,'LINN');
INSERT INTO "Stores" VALUES(4657,'CASEY''S GENERAL STORE #2526 / WELLSBURG','308 N WASHINGTON','WELLSBURG','50680.0','POINT(-92.925287 42.43855)',38,'GRUNDY');
INSERT INTO "Stores" VALUES(4660,'HILL BROTHERS JIFFY MART / CEDAR RAPIDS','1904, MT VERNON RD SE','CEDAR RAPIDS','52403.0','POINT(-91.642557 41.977226)',57,'LINN');
INSERT INTO "Stores" VALUES(4664,'CASEY''S GENERAL STORE #24 / BOONE','1127 STORY','BOONE','50036','POINT(-93.880068 42.067645)',8,'BOONE');
INSERT INTO "Stores" VALUES(4674,'KUM & GO #227 / AMES','2108 ISAAC NEWTON DR','AMES','50010','POINT(-93.585891 42.009586)',85,'STORY');
INSERT INTO "Stores" VALUES(4715,'WALGREENS #06678 / WEST DES MOINES','1999 GRAND AVE','WEST DES MOINES','50265.0','POINT(-93.731469 41.571398)',77,'POLK');
INSERT INTO "Stores" VALUES(4720,'CHARITON BP','107, EAST GRACE','CHARITON','50049.0','POINT(-93.293312 41.005258)',59,'LUCAS');
INSERT INTO "Stores" VALUES(4728,'WALGREENS #05077 / IOWA CITY','2214 MUSCATINE AVE','IOWA CITY','52240.0','POINT(-91.502717 41.649538)',52,'JOHNSON');
INSERT INTO "Stores" VALUES(4730,'WALGREENS #05944 / JOHNSTON','6200 MERLE HAY RD','JOHNSTON','50131','POINT(-93.697684 41.673355)',77,'POLK');
INSERT INTO "Stores" VALUES(4736,'WALGREENS #03876 / MARION','1225 7TH AVE','MARION','52302','POINT(-91.596312 42.033295)',57,'LINN');
INSERT INTO "Stores" VALUES(4738,'CASEY''S GENERAL STORE #2284 / COUNCIL BLUFFS','1030, VETERAN MEMORIAL HWY','COUNCIL BLUFFS','51501','POINT(-95.860337 41.219703)',78,'POTTAWATTAMIE');
INSERT INTO "Stores" VALUES(4767,'CASEY''S GENERAL STORE #3075 / ANKENY','6981 NE 14TH ST','ANKENY','50023.0','POINT(-93.600659 41.687793)',77,'POLK');
INSERT INTO "Stores" VALUES(4774,'CASEY''S GENERAL STORE #3034 / ESTHERVILLE','1615, CENTRAL AVE','ESTHERVILLE','51334','POINT(-94.822033 43.402229)',32,'EMMET');
INSERT INTO "Stores" VALUES(4777,'CASEY''S GENERAL STORE #1365 / PAULLINA','319 E GRAND AVE','PAULLINA','51046.0','POINT(-95.68472 42.982805)',71,'O''BRIEN');
INSERT INTO "Stores" VALUES(4782,'CASEY''S GENERAL STORE #2529 / LAMONI','406 E MAIN ST','LAMONI','50140.0','POINT(-93.92909 40.62366)',27,'DECATUR');
INSERT INTO "Stores" VALUES(4795,'WALGREENS #00359 / DES MOINES','2545 E EUCLID AVE','DES MOINES','50317','POINT(-93.568668 41.627702)',77,'POLK');
INSERT INTO "Stores" VALUES(4805,'LIQUOR TOBACCO & GROCERY / FORT DODGE','902 1ST AVE N','FORT DODGE','50501.0','POINT(-94.186138 42.506332)',94,'WEBSTER');
INSERT INTO "Stores" VALUES(4817,'CASEY''S GENERAL STORE #3217 / KNOXVILLE','1201, E MAIN ST','KNOXVILLE','50138.0','POINT(-93.086255 41.318981)',63,'MARION');
INSERT INTO "Stores" VALUES(4819,'SUPER STOP 2 / ALTOONA','2635 ADVENTURELAND DR','ALTOONA','50009','POINT(-93.494642 41.65854)',77,'POLK');
INSERT INTO "Stores" VALUES(4823,'CASEY''S GENERAL STORE #3223 / CRESTON','903 N SUMNER AVE','CRESTON','50801.0','POINT(-94.372568 41.066824)',88,'UNION');
INSERT INTO "Stores" VALUES(4828,'CASEY''S GENERAL STORE #3228 / MARSHALLTOWN','916 E MAIN ST','MARSHALLTOWN','50158.0','POINT(-92.896215 42.049237)',64,'MARSHALL');
INSERT INTO "Stores" VALUES(4829,'CENTRAL CITY 2','1501 MICHIGAN AVE','DES MOINES','50314.0','POINT(-93.61374 41.605828)',77,'POLK');
INSERT INTO "Stores" VALUES(4854,'CASEY''S GENERAL STORE #3029 / ARMSTRONG','307, S 4TH AVE','ARMSTRONG','50514.0','POINT(-94.483108 43.39274)',32,'EMMET');
INSERT INTO "Stores" VALUES(4857,'WESTLAND FAST BREAK','1108 W AGENCY RD','WEST BURLINGTON','52655','POINT(-91.169516 40.811817)',29,'DES MOINES');
INSERT INTO "Stores" VALUES(4876,'QUICK MART / HIAWATHA','655, ROBBINS RD','HIAWATHA','52233.0','POINT(-91.672961 42.044452)',57,'LINN');
INSERT INTO "Stores" VALUES(4884,'TOBACCO HUT #11 / SIOUX CITY','4523, MORNINGSIDE AVE','SIOUX CITY','51106.0','POINT(-96.348659 42.470479)',97,'WOODBURY');
INSERT INTO "Stores" VALUES(4907,'PRIME MART / CEDAR FALLS','2323 MAIN ST','CEDAR FALLS','50613.0','POINT(-92.44586 42.516198)',7,'BLACK HAWK');
INSERT INTO "Stores" VALUES(4910,'PRIME MART #3 / WATERLOO','1008 LAPORTE RD','WATERLOO','50702.0','POINT(-92.322988 42.47658)',7,'BLACK HAWK');
INSERT INTO "Stores" VALUES(4929,'CASEY''S GENERAL STORE #1680 / ADEL','816 GREENE ST','ADEL','50003.0','POINT(-94.018348 41.614408)',25,'DALLAS');
INSERT INTO "Stores" VALUES(4937,'ROCSTOP','1310 W SHERIDAN AVE','SHENANDOAH','51601.0','POINT(-95.38464 40.765869)',73,'PAGE');
INSERT INTO "Stores" VALUES(4938,'PRONTO MARKET','201 S MAIN ST','HAZLETON','50641.0','POINT(-91.905522 42.615596)',10,'BUCHANAN');
INSERT INTO "Stores" VALUES(4944,'JIFFY EXPRESS / MARTENSDALE','290, HWY 28','MARTENSDALE','50160.0','POINT(-93.737459 41.373366)',64,'MARSHALL');
INSERT INTO "Stores" VALUES(4968,'CASEY''S GENERAL STORE #3042 / BROOKLYN','106, W 2ND ST','BROOKLYN','52211','POINT(-92.445853 41.7301)',79,'POWESHIEK');
INSERT INTO "Stores" VALUES(4971,'FAREWAY STORES #138 / PLEASANT HILL','5500, E UNIVERSITY AVE','PLEASANT HILL','50327.0','POINT(-93.505732 41.599274)',77,'POLK');
INSERT INTO "Stores" VALUES(4982,'KIMMES COUNTRY STORE ALTA 05','101 E  HWY 7','ALTA','51002.0','POINT(-95.303734 42.675619)',11,'BUENA VISTA');
INSERT INTO "Stores" VALUES(4988,'HAPPY''S WINE & SPIRITS','5925 UNIVERSITY AVE','CEDAR FALLS','50613.0','POINT(-92.429331 42.512766)',7,'BLACK HAWK');
INSERT INTO "Stores" VALUES(4997,'DOWNTOWN PANTRY','218, 6TH AVE #101','DES MOINES','50309','POINT(-93.62452 41.585651)',77,'POLK');
INSERT INTO "Stores" VALUES(5028,'MIDTOWN LIQUOR','1100, E 5TH ST','STORM LAKE','50588','POINT(-95.186938 42.644563)',11,'BUENA VISTA');
INSERT INTO "Stores" VALUES(5040,'WILTON EXPRESS','1300 NICOLAUS ST','WILTON','52778','POINT(-91.034817 41.589962)',70,'MUSCATINE');
INSERT INTO "Stores" VALUES(5041,'CASEY''S GENERAL STORE #3309 / MONTEZ','106 N FRONT ST','MONTEZUMA','50171.0','POINT(-92.52723 41.58587)',79,'POWESHIEK');
INSERT INTO "Stores" VALUES(5075,'PRONTO MARKET  / NEW SHARON','202, S MAIN ST','NEW SHARON','50207.0','POINT(-92.651525 41.468516)',62,'MAHASKA');
INSERT INTO "Stores" VALUES(5077,'WAL-MART 3150 / COUNCIL BLUFFS','1800 N 16TH ST','COUNCIL BLUFFS','51501','POINT(-95.867459 41.27737)',78,'POTTAWATTAMIE');
INSERT INTO "Stores" VALUES(5096,'WALGREENS #11710 / NORTH LIBERTY','625 PACHA PARKWAY','NORTH LIBERTY','52317','POINT(-91.606273 41.752793)',52,'JOHNSON');
INSERT INTO "Stores" VALUES(5102,'WILKIE LIQUORS','724 1ST  ST  SE','MOUNT VERNON','52314.0','POINT(-91.410401 41.918328)',57,'LINN');
INSERT INTO "Stores" VALUES(5126,'PRICE CHOPPER  /  MERLE HAY #1315','4343 MERLE HAY RD','DES MOINES','50310.0','POINT(-93.697647 41.637408)',77,'POLK');
INSERT INTO "Stores" VALUES(5129,'CASH SAVER  /  FLEUR','4121 FLEUR DR','DES MOINES','50321.0','POINT(-93.64492 41.546838)',77,'POLK');
INSERT INTO "Stores" VALUES(5171,'GARY''S LIQUOR & WINE LTD','110, E JEFFERSON ST','DELAWARE','52036.0','POINT(-91.344117 42.473764)',28,'DELAWARE');
INSERT INTO "Stores" VALUES(5176,'SMOKIN'' JOE''S #15 TOBACCO AND LIQUOR OUTLET','455 EDGEWOOD RD NW','CEDAR RAPIDS','52405.0','POINT(-91.715903 41.97805)',57,'LINN');
INSERT INTO "Stores" VALUES(5186,'CASEY''S GENERAL STORE #3452 / WEST U','102, E  BRADFORD ST','WEST UNION','52175.0','POINT(-91.806405 42.964219)',33,'FAYETTE');
INSERT INTO "Stores" VALUES(5190,'GUPPY''S ON THE GO / WALFORD','200 HWY 151 E','WALFORD','52351.0','POINT(-91.828571 41.881821)',57,'LINN');
INSERT INTO "Stores" VALUES(5198,'RIVERSIDE LIQUOR','826 E RIVER DR','DAVENPORT','52803.0','POINT(-90.561741 41.524926)',82,'SCOTT');
INSERT INTO "Stores" VALUES(5226,'KC BROTHERS','214 MYRTLE ST','DAVENPORT','52802','POINT(-90.589149 41.521586)',82,'SCOTT');
INSERT INTO "Stores" VALUES(5230,'POINT LIQUOR & TOBACCO','3221, CENTER POINT RD NE','CEDAR RAPIDS','52402','POINT(-91.663629 42.01133)',57,'LINN');
INSERT INTO "Stores" VALUES(5236,'GIGGLE JUICE LIQUOR STATION, LLC','600 W MAIN ST','ANAMOSA','52205.0','POINT(-91.290834 42.108203)',53,'JONES');
INSERT INTO "Stores" VALUES(5251,'NORTHSIDE LIQUOR','1303, NORTH FEDERAL','MASON CITY','50401.0','POINT(-93.201061 43.163663)',17,'CERRO GORDO');
INSERT INTO "Stores" VALUES(5280,'YESWAY STORE # 10011/ MASON CITY','1920 FEDERAL AVE S','MASON CITY','50401.0','POINT(-93.201072 43.133204)',17,'CERRO GORDO');
INSERT INTO "Stores" VALUES(5296,'YESWAY STORE # 10021/ WEBSTER CITY','1102 2ND ST','WEBSTER CITY','50595','POINT(-93.831461 42.469524)',40,'HAMILTON');
INSERT INTO "Stores" VALUES(5300,'YESWAY STORE # 10013/ OTTUMWA','534 CHURCH ST','OTTUMWA','52501.0','POINT(-92.418553 41.009435)',90,'WAPELLO');
INSERT INTO "Stores" VALUES(5301,'YESWAY STORE # 10012/ OTTUMWA','2508 COURT ST N','OTTUMWA','52501','POINT(-92.409169 41.051858)',90,'WAPELLO');
INSERT INTO "Stores" VALUES(5302,'YESWAY STORE # 10034/ BELMOND','112 RIVER AVE S','BELMOND','50421.0','POINT(-93.616821 42.84535)',99,'WRIGHT');
INSERT INTO "Stores" VALUES(5326,'ALS LIQUOR','215 W. MILWAUKEE AVE','STORM LAKE','50588.0','POINT(-95.202405 42.647492)',11,'BUENA VISTA');
INSERT INTO "Stores" VALUES(5327,'MEGA SAVER','3540 W BROADWAY','COUNCIL BLUFFS','51501.0','POINT(-95.903766 41.261908)',78,'POTTAWATTAMIE');
INSERT INTO "Stores" VALUES(5339,'PRIME STAR','395 WESTERN AVENUE','MARENGO','52301','POINT(-92.074374 41.792953)',48,'IOWA');
INSERT INTO "Stores" VALUES(5350,'CASEY''S GENERAL STORE # 3562/ MARION','680 LINDALE DR.','MARION','52302','POINT(-91.621476 42.033645)',57,'LINN');
INSERT INTO "Stores" VALUES(5353,'NEW STAR / PELLA','977 198TH PL.','PELLA','50219','POINT(-92.953534 41.381055)',63,'MARION');
INSERT INTO "Stores" VALUES(5378,'CASEY''S GENERAL STORE # 2543/ ALBION','201 S MAIN ST.','ALBION','50005.0','POINT(-92.990038 42.110344)',64,'MARSHALL');
INSERT INTO "Stores" VALUES(5389,'CASEY''S GENERAL STORE # 2511/ CRESCO','601 2ND AVE. S.W.','CRESCO','52136.0','POINT(-92.125702 43.371147)',45,'HOWARD');
INSERT INTO "Stores" VALUES(5393,'CASEY''S GENERAL STORE # 1799/ OSAGE','309 MAIN ST.','OSAGE','50461','POINT(-92.817696 43.28407)',66,'MITCHELL');
INSERT INTO "Stores" VALUES(5397,'CASEY''S GENERAL STORE # 2774/AMANA','617 42ND AVE','AMANA','52203.0','POINT(-91.874686 41.801173)',48,'IOWA');
INSERT INTO "Stores" VALUES(5415,'PRIME MART 7 / WATERLOO','1309 LAFAYETTE ST','WATERLOO','50703.0','POINT(-92.3272 42.494092)',7,'BLACK HAWK');
INSERT INTO "Stores" VALUES(5421,'YESWAY # 1009/ HARLAN','618 DURANT STREET','HARLAN','51537.0','POINT(-95.318597 41.656803)',83,'SHELBY');
INSERT INTO "Stores" VALUES(5428,'CASEY''S GENERAL STORE # 2789/ CEDAR RAPIDS','888 VERNON VALLEY DRIVE SE','CEDAR RAPIDS','52403.0','POINT(-91.553516 41.977177)',57,'LINN');
INSERT INTO "Stores" VALUES(5431,'BREW COFFEE WINE SPIRIT AND CIGARS','346 PLYMOUTH ST SW','LE MARS','51031.0','POINT(-96.171858 42.793075)',75,'PLYMOUTH');
INSERT INTO "Stores" VALUES(5444,'MARSHALL BEER WINE SPIRITS','11 N 3RD AVE','MARSHALLTOWN','50158.0','POINT(-92.908013 42.050021)',64,'MARSHALL');
INSERT INTO "Stores" VALUES(5446,'PUMP N PAK','1004 MAIN ST.','ROCK VALLEY','51247.0','POINT(-96.294824 43.200164)',84,'SIOUX');
INSERT INTO "Stores" VALUES(5458,'R&L FOODS','213 MAIN ST.','DOON','51235.0','POINT(-96.234214 43.279316)',60,'LYON');
INSERT INTO "Stores" VALUES(5462,'7STAR LIQUOR & TOBACCO OUTLET','502 E AVE NW','CEDAR RAPIDS','52405.0','POINT(-91.680323 41.977958)',57,'LINN');
INSERT INTO "Stores" VALUES(5482,'IOWA MINI MART','234 W 3RD ST','DAVENPORT','52801','POINT(-90.576054 41.522413)',82,'SCOTT');
INSERT INTO "Stores" VALUES(5513,'RICHMOND & FERRY BP','720 RICHMOND AVE','OTTUMWA','52501.0','POINT(-92.432517 41.007272)',90,'WAPELLO');
INSERT INTO "Stores" VALUES(5530,'YESWAY #1148 / MARSHALLTOWN','1701 IOWA AVE E','MARSHALLTOWN','50158','POINT(-92.88592 42.006852)',64,'MARSHALL');
INSERT INTO "Stores" VALUES(5539,'CASEY''S GENERAL STORE #1901 / DES MOINES','2541 NW 66TH AVE','DES MOINES','50313','POINT(-93.652641 41.680392)',77,'POLK');
INSERT INTO "Stores" VALUES(5572,'CASEY''S GENERAL STORE #2790 / CEDAR RAPIDS','588 BOYSON RD NE #110','CEDAR RAPIDS','52402.0','POINT(-91.641223 42.046733)',57,'LINN');
INSERT INTO "Stores" VALUES(5581,'CASEY''S GENERAL STORE #2488 / N ENGLISH','504 S MAIN ST','NORTH ENGLISH','52316','POINT(-92.076463 41.51122)',48,'IOWA');
INSERT INTO "Stores" VALUES(5583,'CASEY''S GENERAL STORE #2498 / WAPELLO','710 HWY 61 N','WAPELLO','52653.0','POINT(-91.195863 41.185676)',58,'LOUISA');
INSERT INTO "Stores" VALUES(5597,'LIQUOR TOBACCO & GAS','1401 CENTRAL AVE','DUBUQUE','52001.0','POINT(-90.66784 42.50649)',31,'DUBUQUE');
INSERT INTO "Stores" VALUES(5605,'CASEY''S GENERAL STORE #1416 / NEW HAMPTON','615 N LINN AVE','NEW HAMPTON','50659.0','POINT(-92.317835 43.065235)',19,'CHICKASAW');
INSERT INTO "Stores" VALUES(5619,'CASEY''S GENERAL STORE #3041 / ELK RUN HEIGHTS','5202 LAFAYETTE RD','EVANSDALE','50707','POINT(-92.257902 42.469069)',7,'BLACK HAWK');
INSERT INTO "Stores" VALUES(5624,'CASEY''S GENERAL STORE #1065 / ASBURY','5505 ASBURY RD','DUBUQUE','52002.0','POINT(-90.758554 42.510488)',31,'DUBUQUE');
INSERT INTO "Stores" VALUES(5633,'HOME TOWN WINE & SPIRITS','1202 A AVE E','OSKALOOSA','52577','POINT(-92.631487 41.296286)',62,'MAHASKA');
INSERT INTO "Stores" VALUES(5646,'IOWA SMOKE AND LIQUOR','70 KIRKWOOD COURT SW','CEDAR RAPIDS','52404','POINT(-91.655473 41.921351)',57,'LINN');
INSERT INTO "Stores" VALUES(5660,'NORTH SIDE LIQUOR & TOBACCO / DUBUQUE','2013 CENTRAL AVE','DUBUQUE','52001.0','POINT(-90.670151 42.5116)',31,'DUBUQUE');
INSERT INTO "Stores" VALUES(5691,'LOGAN AVE CONVENIENCE STORE / WATERLOO','735 LOGAN AVE','WATERLOO','50703.0','POINT(-92.337744 42.510453)',7,'BLACK HAWK');
INSERT INTO "Stores" VALUES(5716,'BIG 10 MART #69','2480 EAST 53RD','BETTENDORF','52722.0','POINT(-90.498167 41.575178)',82,'SCOTT');
INSERT INTO "Stores" VALUES(5722,'PETRO STOP - NEWTON','404 SOUTH 11TH AVENUE WEST','NEWTON','50208.0','POINT(-93.058352 41.690355)',50,'JASPER');
INSERT INTO "Stores" VALUES(5726,'EHLINGER''S VINTON EXPRESS','310 K AVENUE SOUTH','VINTON','52349.0','POINT(-92.037532 42.168297)',6,'BENTON');
INSERT INTO "Stores" VALUES(5737,'SUPER STOP & SHOP / BALDWIN','5358 HWY 64','BALDWIN','52207','POINT(-90.834314 42.073361)',49,'JACKSON');
INSERT INTO "Stores" VALUES(5740,'NEW STAR / KNOXVILLE','901 WEST PLEASANT ST','KNOXVILLE','50138','POINT(-93.107862 41.320744)',63,'MARION');
INSERT INTO "Stores" VALUES(5780,'CASEY''S GENERAL STORE #2630 / CEDAR FALLS','5226 UNIVERSITY AVE','CEDAR FALLS','50613.0','POINT(-92.420894 42.509791)',7,'BLACK HAWK');
INSERT INTO "Stores" VALUES(5783,'CASEY''S GENERAL STORE #2319 / FT MADISON','1428 38TH ST','FORT MADISON','52627.0','POINT(-91.361802 40.624094)',56,'LEE');
INSERT INTO "Stores" VALUES(5849,'SUPER QUICK STOP - COUNCIL BLUFFS','2800 TWIN CITY DR. SUITE 10','COUNCIL BLUFFS','51501.0','POINT(-95.889605 41.216413)',78,'POTTAWATTAMIE');
INSERT INTO "Stores" VALUES(5859,'LIQUOR TOBACCO & GROCERY - MASON CITY','18 NORTH MONROE AVENUE','MASON CITY','50401.0','POINT(-93.208614 43.152301)',17,'CERRO GORDO');
INSERT INTO "Stores" VALUES(5870,'KEYSTONE LIQUOR','517 2ND ST','CORALVILLE','52241.0','POINT(-91.574095 41.671543)',52,'JOHNSON');
INSERT INTO "Stores" VALUES(5916,'ANOTHER ROUND / DEWITT','622 S 6TH AVE','DEWITT','52742.0','POINT(-90.539095 41.808535)',23,'CLINTON');
INSERT INTO "Stores" VALUES(5926,'GOPUFF / IOWA CITY','1907 STEVENS DR  UNITS C-E','IOWA CITY','52240.0','POINT(-91.534512 41.641762)',52,'JOHNSON');
INSERT INTO "Stores" VALUES(5934,'CITY LIQUOR / IOWA CITY','425 S GILBERT ST','IOWA CITY','52240.0','POINT(-91.530225 41.656031)',52,'JOHNSON');
INSERT INTO "Stores" VALUES(5935,'CASEY''S GENERAL STORE #2364 / URBANDALE','3935 NW URBANDALE DR','URBANDALE','50322.0','POINT(-93.756964 41.632801)',77,'POLK');
INSERT INTO "Stores" VALUES(5964,'CASEY''S GENERAL STORE #3032 / CHARITON','335 N MAIN ST','CHARITON','50049','POINT(-93.308367 41.017872)',59,'LUCAS');
INSERT INTO "Stores" VALUES(5988,'CASEY''S GENERAL STORE #1527 / GRINNELL','312 WEST ST','GRINNELL','50112.0','POINT(-92.727347 41.73523)',79,'POWESHIEK');
INSERT INTO "Stores" VALUES(6027,'EDDYVILLE TRAVEL PLAZA BP','500 S MERINO AVE','EDDYVILLE','52553','POINT(-92.628767 41.154584)',90,'WAPELLO');
INSERT INTO "Stores" VALUES(6116,'TOBACCO OUTLET PLUS #561 / CEDAR FALLS','4116 UNIVERSITY AVE  STE 104-105','CEDAR FALLS','50613','POINT(-92.407111 42.505909)',7,'BLACK HAWK');
INSERT INTO "Stores" VALUES(6229,'BEER THIRTY STORM LAKE / STORM LAKE','205 E 7TH STREET','STORM LAKE','50588.0','POINT(-95.198584 42.646794)',11,'BUENA VISTA');
INSERT INTO "Stores" VALUES(6242,'WALL TO WALL WINE AND SPIRITS / WEST DES MOINES','375 SOUTH JORDAN CREEK PARKWAY','WEST DES MOINES','50266.0','POINT(-93.809473 41.563571)',25,'DALLAS');
INSERT INTO "Stores" VALUES(6283,'KIMMES CARROLL COUNTRY STORE 1 / CARROLL','1511 US 71','CARROLL','51401','POINT(-94.87861 42.075224)',14,'CARROLL');
INSERT INTO "Stores" VALUES(9002,'MISSISSIPPI RIVER DISTILLERY','303 N CODY RD','LECLAIRE','52753','POINT(-90.343594 41.599733)',82,'SCOTT');
CREATE TABLE Vendors (
    vendor_number INTEGER PRIMARY KEY,
    vendor_name TEXT
);
INSERT INTO "Vendors" VALUES(35,'BACARDI USA INC');
INSERT INTO "Vendors" VALUES(55,'SAZERAC NORTH AMERICA');
INSERT INTO "Vendors" VALUES(65,'JIM BEAM BRANDS');
INSERT INTO "Vendors" VALUES(85,'BROWN FORMAN CORP.');
INSERT INTO "Vendors" VALUES(115,'CONSTELLATION BRANDS INC');
INSERT INTO "Vendors" VALUES(125,'CEDAR RIDGE VINEYARDS LL');
INSERT INTO "Vendors" VALUES(154,'DUNKEL CORPORATION / IOWA DISTILLING');
INSERT INTO "Vendors" VALUES(184,'FOUR ROSES DISTILLERY');
INSERT INTO "Vendors" VALUES(192,'MAST-JAGERMEISTER US, INC');
INSERT INTO "Vendors" VALUES(239,'RUSSIAN STANDARD VODKA');
INSERT INTO "Vendors" VALUES(240,'WILLIAM GRANT & SONS INC');
INSERT INTO "Vendors" VALUES(255,'INFINIUM SPIRITS');
INSERT INTO "Vendors" VALUES(259,'HEAVEN HILL BRANDS');
INSERT INTO "Vendors" VALUES(260,'DIAGEO AMERICAS');
INSERT INTO "Vendors" VALUES(266,'EDRINGTON GROUP USA LLC');
INSERT INTO "Vendors" VALUES(277,'STOLI GROUP');
INSERT INTO "Vendors" VALUES(297,'LAIRD & COMPANY');
INSERT INTO "Vendors" VALUES(300,'MCCORMICK DISTILLING CO.');
INSERT INTO "Vendors" VALUES(306,'MISSISSIPPI RIVER DISTIL');
INSERT INTO "Vendors" VALUES(370,'PERNOD RICARD USA');
INSERT INTO "Vendors" VALUES(380,'PHILLIPS BEVERAGE');
INSERT INTO "Vendors" VALUES(395,'PROXIMO');
INSERT INTO "Vendors" VALUES(420,'MOET HENNESSY USA');
INSERT INTO "Vendors" VALUES(421,'SAZERAC COMPANY  INC');
INSERT INTO "Vendors" VALUES(434,'LUXCO INC');
INSERT INTO "Vendors" VALUES(492,'WESTERN SPIRITS BEVERAGE');
INSERT INTO "Vendors" VALUES(566,'FOUNDRY DISTILLING COMPANY, LLC');
INSERT INTO "Vendors" VALUES(619,'CAMPARI AMERICA');
INSERT INTO "Vendors" VALUES(626,'JDSO INC / RED BOOT DISTILLERY');
INSERT INTO "Vendors" VALUES(777,'BLUE OX SPIRITS, INC.');
DELETE FROM "sqlite_sequence";
INSERT INTO "sqlite_sequence" VALUES('StoreLocations',256);
INSERT INTO "sqlite_sequence" VALUES('Sales',351);
COMMIT;
